tweet,category
 سلاما لمن يجلس وحيدا مشتت لافكاار مبعثر لمشااعر تماما مثلي,Diminished ability to think or concentrate
 مشتت ,Diminished ability to think or concentrate
 واني اعلم ان الطريق طويل وانا لوحدي والخوف يتركني لياليها الموحشه غيابك اسير مشتته التفكير لااعلم الي اين امضي فقط اجعلني قويه الله حتي اتخطي شيءا كربتي,Diminished ability to think or concentrate
مو قادره اركز كثر التشتت,Diminished ability to think or concentrate
طبعا لان جماعه ابن مشتت الفكر,Diminished ability to think or concentrate
ما كان ده حالي والله حاجه تتعدل وانه يسترني ف الدنيا والاخره ويريح قلب وخاطر واحد مشتت,Diminished ability to think or concentrate
صحيح والعقل مشتت ودنيا بايظه والحاله تصعب ع الكافر,Diminished ability to think or concentrate
تخيل بانك تعيش وسط ناس وانت مو عارف تتواصل معهم باي طريقه ومو عارف تبين مشاعرك دماغك يفسر المعطيات بشكل متداخل الاحيان تحب الهدوء بعيد الضجيج وتجبر علي فعل اوامر وانت ذهنك يكون مشتت,Diminished ability to think or concentrate
كنت اتابع وانا مشتته واهلي يسولفون ,Diminished ability to think or concentrate
مدري شعور تحس تقدر توصفه تكون مشتت حتي انت تدري وش تبغي,Diminished ability to think or concentrate
فقر التركيز مشتته اقدر اذاكر ساعتين متواصله ,Diminished ability to think or concentrate
احتاج فعلا احس مشتته هالفتره امل الميزان,Diminished ability to think or concentrate
والله ماش مو قادر اركز عقل بطن اليوم الدنيا كلها مضروبه,Diminished ability to think or concentrate
معلش قصدي بناتي عقلي مشتت,Diminished ability to think or concentrate
اشعر بان الكون ضايق وان افكاري مشتته ماكنت اريده ضيعني السعي وراءه وشتتني ابتعادي ,Diminished ability to think or concentrate
وش فايده السكينه وانا مو فرحانه وعليا هموم وافكاري مشتته وركبني ستين عفريت,Diminished ability to think or concentrate
احسني متلخبطه وافكاري مشتته جدا وما اعرف كيف اتصرف,Diminished ability to think or concentrate
انا اكيد مشتته فكريا ومو عارفه ارتب امور حياتي,Diminished ability to think or concentrate
اصبحت مشتته افكاري وتصرفاتكم,Diminished ability to think or concentrate
عقلي مشتت,Diminished ability to think or concentrate
سنوات دراستي كنت مشتته وعندي مشاكل عاطفية وتعبانه نفسيا ,Diminished ability to think or concentrate
مشتت انا كقلب يتيم يحبه احد لكنه متهم,Diminished ability to think or concentrate
حيل ضايع و مشتت ما ادري وش اسوي بحياتي,Diminished ability to think or concentrate
طاقتي مشتتة وعندي ألم سنين,Diminished ability to think or concentrate
ذهني مشتت,Diminished ability to think or concentrate
اني مشتت نفسي علي الفاضي و هلبس قدام مثبت علي القرار الصح ,Diminished ability to think or concentrate
بعض الأيام اكون مفرط الثقه بالنفس وبعض الايام اكون مشتت ومرتبك,Diminished ability to think or concentrate
انا اعرف باني سيء واكره اشخاص كثيرون ومشاعري متناقضه للغايه وافعالي مشتته رماديه واحيانا اكره نفسي جدا ,Diminished ability to think or concentrate
واقعي مشتت,Diminished ability to think or concentrate
عقبالي اعرف اي خيار طاقتي مشتته ولقيت نفسي بكل خيار انطباق الفعاليه,Diminished ability to think or concentrate
قلبي مشتت وتاليه البشر قاتلنا بعرف ممكن نتحرر هالكابوس,Diminished ability to think or concentrate
ياليت يكون لي نصيب وحظ لاني مشتته هالفتره,Diminished ability to think or concentrate
باين عليا اني مشتت,Diminished ability to think or concentrate
مشتت نوعا,Diminished ability to think or concentrate
المحزن الكمان بالموضوع قديش الواحد ضايع بحياته و مضيع وقته و مشتت تفكيره,Diminished ability to think or concentrate
مشتت تفكيري,Diminished ability to think or concentrate
عقلي مشتت,Diminished ability to think or concentrate
امشي اذا زعلت امشي اذا فرحت امشي اذا افكاري مشتت امشي اذا احس اني طاقه سلبيه ,Diminished ability to think or concentrate
انا مفكك انا مشتت جدا,Diminished ability to think or concentrate
فكري مشتت ناطرة خبر حلو,Diminished ability to think or concentrate
اعلم اني تائه و ان الايام السيئه و الاشخاص السيئين جعلوني أتألم كثيرا اعد امتلك رغبه بالاستمرار اعلم اني مشتته حزينه طوال الوقت ,Diminished ability to think or concentrate
انا الشعور وبين زيف اللا شعور مشتت الحضور ورغبتي ب الانعزال,Diminished ability to think or concentrate
مريضه نفسيه مشتته,Diminished ability to think or concentrate
ايوه مشتته هالفتره نواحي كثيره,Diminished ability to think or concentrate
جد والله مشتته مشتته ماشاء الله عليكي اتزن اذا عندك طريقه او ورد,Diminished ability to think or concentrate
فعلا الوضع مشتت بالنسبه مو عارفه وش اسوي وعندي عروض مابي ارتباط اي كلام ,Diminished ability to think or concentrate
صح والله احس مشتته ربي يعين,Diminished ability to think or concentrate
جالسه احلم فعلا اسمه شتات ومخي مشتت,Diminished ability to think or concentrate
ااااخ وانا اقول افكاري مشتته وتايهه باشيااء كثيره ,Diminished ability to think or concentrate
الله يطمنك فعلا كنت في فتره سيءه كنت مشتته لابعد درجه,Diminished ability to think or concentrate
اذا كان العقل مشتت وكل الافكار ملخبطه,Diminished ability to think or concentrate
اصدددددق ماقيييل علي كلام اهلي  صدق اننا ودنا ننبسط بيصير يومنا ع الجوال يوم نقوم لين ننام ماله فايده حضوري بيصير ذهننا مشتت مايمدينا نركز زين,Diminished ability to think or concentrate
مشتت ضايعي تركيزي صفر احد شاغل بالي,Diminished ability to think or concentrate
انا زيها مخي مشتت و افكار العالم كلها بمخي لدرجه انا ماعرف افكر ايش ,Diminished ability to think or concentrate
مشتته وارغب بقتل نفسي,Diminished ability to think or concentrate
مختنق مشتت واتصرف بدون تركيز,Diminished ability to think or concentrate
قلبي صامد داءم عقلي مشتت يهم حاله القلب العقل,Diminished ability to think or concentrate
انحولت مو قادره اركز,Diminished ability to think or concentrate
لانه احسني مشتته ومو عارفه نفسي ابدا,Diminished ability to think or concentrate
مشتته الهدوء و التفكير,Diminished ability to think or concentrate
مخي مشتت افرح انغبن مدري ,Diminished ability to think or concentrate
الفتره اسوء فتره كلشي فيني مشتت نفسيتي مو بخير تماما,Diminished ability to think or concentrate
يكفي انه مشتت للذهن وفيه ينشر افكاره المسمومه,Diminished ability to think or concentrate
مشتت وتايه محتاج فرمتت ودفعه معنويه,Diminished ability to think or concentrate
تاءهه مشتته محتاره,Diminished ability to think or concentrate
ماشاء الله انا احس اني مشتته,Diminished ability to think or concentrate
احس مشتته وضايعه مستقبلي,Diminished ability to think or concentrate
احس انني مشتته وضايعه,Diminished ability to think or concentrate
احس اني ضايعه مشتته,Diminished ability to think or concentrate
احس اني مشتته ,Diminished ability to think or concentrate
احس اني مشتته احتاج احد يجمع شتاتي,Diminished ability to think or concentrate
احس اني مشتته اهل ماما يبغوني عندهم واهل بابا يبغوني كمان وانا ابغا صحباتي وهم مايبغوني ايحزن,Diminished ability to think or concentrate
احس اني مشتته يارب ساعدني,Diminished ability to think or concentrate
احس اني مكسوره و مشتته وفاته مو عارفه الملم نفسي و اقدر اداوم,Diminished ability to think or concentrate
احس اوقات بالضياع مو قادره اركز ع شيء احس بعجز تجاه نفسي,Diminished ability to think or concentrate
احس عقلي مشتت,Diminished ability to think or concentrate
احس مخي مشتت احتاج مساج,Diminished ability to think or concentrate
احس مخي مشتت ومقربع يبيله نفض وترتيب,Diminished ability to think or concentrate
احس مو قادره اركز,Diminished ability to think or concentrate
احساس انك مشتت كريه,Diminished ability to think or concentrate
احسني بحاله صدمه مو قادره اركز بالبث حتي,Diminished ability to think or concentrate
احسني مشتت,Diminished ability to think or concentrate
احسني مشتته بشكل بشع,Diminished ability to think or concentrate
احسني مشتته زي حساباتي,Diminished ability to think or concentrate
ادركت اخيرا انني مشتت الابد ولم تعد تليق اي بدايه او نهايه عندي جناح يرف انتبه انني ميت,Diminished ability to think or concentrate
اسمعو وربي مو قادره اركز اي احد الشي شاغل تفكيري,Diminished ability to think or concentrate
اسوء جزء ف الزعل انك متبقاش لاقي حد مكان تروحله واقف ف النص مشتت مش مرتاح ف اي حاجه اي حد,Diminished ability to think or concentrate
اسوء شعور تحس انك غريب غريب وسط اهلك وسط صحابك غريب حتي نفسك وقدام نفسك غريب حرفيا وزود ع الاوردر مشتت ومصدع وبتميل لانك تكون انطواءي,Diminished ability to think or concentrate
اسوء شعور تنصدم شخص قريب منك لدرجه انك تكون مشتت حاجه ومو قادر تجمع نفسك ,Diminished ability to think or concentrate
اسوا المراحل اللي البنت ممكن توصلها فتره بتكون شخص تاني مشتت المشاعر جواها بتبقي عشواءيه نوبه الحزن والبءس والاكتءاب الحاد,Diminished ability to think or concentrate
اسوا حاله وصلتلها عدم وجود مزيكا توصف حالي و تشاركني احساسي تايه وغريب مشتت,Diminished ability to think or concentrate
اسوا شعور يكون شي مشتت بالك ماتعرف وشو,Diminished ability to think or concentrate
اشعر بحزن مشتت,Diminished ability to think or concentrate
اشياء كثيره تغيرت مادري انا صح او احس ضايعه مشتته شخصيتي تغيرت او بدت تتغير او انا نفس الشخص ماعرف حاله غريبه جالسه امر,Diminished ability to think or concentrate
اصبحت اجهل مشتت ساسلك لهذا الجواب ام اظل متردد بينه وبين الخيار الاخر,Diminished ability to think or concentrate
اصبحت اجهل نفسي لدرجه اريد ان اسالها انتيانا انتي بقلب منكسر وتفكير مشتت وضياع روحي مخيفربما الجواب صحيح,Diminished ability to think or concentrate
اصبحت فتاه مشتته الذهن حياه ممله اشعر بارهاق شديد وكانني عالقه بداءره حاولت الخروج,Diminished ability to think or concentrate
اعتقد انني تاءه الليله انني مشتته فعلا,Diminished ability to think or concentrate
اف مو قادره اركز,Diminished ability to think or concentrate
اففف مو قادره اركز ,Diminished ability to think or concentrate
افففف مخي مشتت مره ماحبب,Diminished ability to think or concentrate
افكار مشتته صدر يضيق امل مفقود وضياع داءم سيفهم وجعك,Diminished ability to think or concentrate
افكاري مشتته احساس غريب مو قادرة افهم شيء,Diminished ability to think or concentrate
اقسم بالله مشتته مكان,Diminished ability to think or concentrate
اكتر فتره احس اني مشتته ,Diminished ability to think or concentrate
اكتر فتره الواحد مشتت بطريقه غريبه جدا والدماغ بتفكر مليون حاجه,Diminished ability to think or concentrate
اكتر واحده مشتته ف العاالم,Diminished ability to think or concentrate
اكره اصير مشتته لان تصير اشياء غلط اتشتت,Diminished ability to think or concentrate
اكره اكون مشتته كدا,Diminished ability to think or concentrate
اكره ان واضح علي اني مشتته امزح تعبت ابكي اخخ,Diminished ability to think or concentrate
اكره اني اكون مشتته,Diminished ability to think or concentrate
الصدق اني مشتت,Diminished ability to think or concentrate
الواحد مشتت الايام دي لابعد الحدود,Diminished ability to think or concentrate
الواحد مشتت تشتيت يتشتته قبل كده,Diminished ability to think or concentrate
الواحد مشتت مش عارف يبى ايه,Diminished ability to think or concentrate
انا الشعور وبين زيف اللاشعور مشتت الحضور ورغبتي بالانعزال ,Diminished ability to think or concentrate
انا الشعور وبين زيف المشاعر مشتته,Diminished ability to think or concentrate
انا انا اصبحت شخص غريب مليء بالخيبات مشتت ومتعب حاءر وتاءه يشعر بالضياع يعد يملك اي شي حتي الامل فقده,Diminished ability to think or concentrate
انا انغلبت وانخذلت,Diminished ability to think or concentrate
انا اول مره ابقي مشتته كدا حقيقي,Diminished ability to think or concentrate
فانه مشتت تاءه يبحث يلملمه يحتضنه بعيدا سوء العالم,Diminished ability to think or concentrate
انا تاءهه مشتته غريبه اجد الطريق الصحيح,Diminished ability to think or concentrate
لااعلم اريد انا حقا مشتته,Diminished ability to think or concentrate
لاحظت اتكلم اغلب كلامي و وهذا يثبت ايش انا مخلوق مشتت ومتناقض,Diminished ability to think or concentrate
لازلت تاءه مشتت افتقد لشيء اعلم ماهو حاءر زالت هويتي ضبابيه و جاهل مكاني فالمجتمع فضفضه,Diminished ability to think or concentrate
لكنني مشتت كقطره حبر سكبت بحر و تلاشت,Diminished ability to think or concentrate
للاسف الفتره مو فاهمه حتي نفسي ايش تبغي مشتته لدرجه مو قادره اركز بحياتي وقراراتي مو عارفه ايش الصح وايش الغلط,Diminished ability to think or concentrate
للاسف اللي يشوفوني يتوقع سعيده وناجحه وحياتي ورديه العكس داخليا مخنوقه ظلام ملخبطه مشتته,Diminished ability to think or concentrate
ليالي طويله و تفكير مشتت,Diminished ability to think or concentrate
ليتنا نقدر نتخطي شعور نبي نحسه,Diminished ability to think or concentrate
ليش احس اني مره مشتته وضايعه,Diminished ability to think or concentrate
ماش الفتره احسني مشتته وكل شيء بحياتي مقلوب ومهما عدلته لسا فوضي,Diminished ability to think or concentrate
مانمت ٤ الفجر واحس مو قادره اركز ابغي انام,Diminished ability to think or concentrate
متعب جدا انك توصف حاجه بانها عادي وانت ما تنام بسببها وانت مشتت وتايه طول يومك بسببها,Diminished ability to think or concentrate
متي تدري انك مشتت فكريا تفتح الحاسبه عشان تحط منبه ,Diminished ability to think or concentrate
مخي مشتت بالافكار ودي اتعمق بتجارب كثيره شيء وقته,Diminished ability to think or concentrate
مخي مشتت مره لازم افعل شيء,Diminished ability to think or concentrate
مخي مشتت مو قادره اركز بشي احس اني مزعوجه ,Diminished ability to think or concentrate
مدري مدري افكاري مشتته ادري ايش اسوي شي علي بعضه ادري,Diminished ability to think or concentrate
مر سنه يمكن وانا احس اني مو الشخص اللي قبل انزرعت فيني مخاوف وصرت مشتت ومو عارف اطلع الفوضي اللي احسه,Diminished ability to think or concentrate
مرات قليله اعجز وصف اشعر اما للانغماس الكلي او البعد الكامل عنه حلقي جاف وعقلي مشتت ومضطرب,Diminished ability to think or concentrate
مرحبا نجوم السماء انا ياءسه و مشتته جدا خذيني بجانبك فالارض تناسبني,Diminished ability to think or concentrate
مرحله انت تعيش يومك طبيعي زي يوم عقلك مشتت و توهان منت عايش اللحظه وتحس انك زعلان جوه و الشعور صعب جدا علي اي انسان,Diminished ability to think or concentrate
مرحله انو نفسي اعرف شنو اريد اعرف شنو بالي هيج مشتته الافكار تكلم نفسك شنو تريد الجواب اعرف تجيكم هيج حالات شي خاص بيه,Diminished ability to think or concentrate
مره مشتته ومو عارفه ايش اسوي ومو قادره اوقف تفكير,Diminished ability to think or concentrate
مزاج سيء ذهن مشتت افكار سلبيه ضياع,Diminished ability to think or concentrate
مساء الخير فاقد الشغف منعدم الامل مشتت الفكر مذبذب الثقه متردد ي اللي قاعد مش طايق نفسك دلوقتي ,Diminished ability to think or concentrate
مسافر تائهه الزحام مشتت التفكير اعرف اي انا ولاين وجهتي لازال الامل بداخلي للقياك,Diminished ability to think or concentrate
مستلق انتظر الموته الصغري تخطفني واقعي اليها الي عالم الاحلام والخيالات والفضاء الاسود تمنيت غلبني النعاس فالجسد منهك والعقل مشتت والنفس تاءهه,Diminished ability to think or concentrate
مشاعر مشتته,Diminished ability to think or concentrate
مشاعر مشتته فوضي,Diminished ability to think or concentrate
مشاعري مشتته مره مره,Diminished ability to think or concentrate
مشتاقه لنفسيتي اللي كانت مو مرهقه ولقلبي اللي كان بخير ولتفكيري الي مو مشتت وضايع ولشعور الامان والطمانينه مشتاقه بالمره,Diminished ability to think or concentrate
مشتت استطيع استيعاب اي شيء,Diminished ability to think or concentrate
مشتت اشياء كثيره اعلم عنها شء,Diminished ability to think or concentrate
مشتت التفكير,Diminished ability to think or concentrate
مشتت الحضور ورغبتي بالانعزال,Diminished ability to think or concentrate
مشتت الذهن,Diminished ability to think or concentrate
مشتت الفكر,Diminished ability to think or concentrate
مشتت انا عقل ناضج و قلب طفل,Diminished ability to think or concentrate
مشتت انتباهي و غالبني,Diminished ability to think or concentrate
مشتت بشكل مرعب,Diminished ability to think or concentrate
مشتت بشكل مرعب كاني رماد,Diminished ability to think or concentrate
مشتت تفكيري الرحيل او البقاء,Diminished ability to think or concentrate
مشتت حقا ارغب بالكلام كثيرا لانه صار مبتذلا وسخيفا ومملا ايضا لكنه حقيقي اكثر اي شيء,Diminished ability to think or concentrate
مشتت ذهنيا مرهق جسديا,Diminished ability to think or concentrate
مشتت ربنا هب امرنا رشدا,Diminished ability to think or concentrate
مشتت شتات عظيم جدا اشتت شتات,Diminished ability to think or concentrate
مشتت شعوري عفت و اشتقت,Diminished ability to think or concentrate
مشتت شعوري مابين عفت و اشتقت,Diminished ability to think or concentrate
مشتت شوي,Diminished ability to think or concentrate
مشتت شويه وبحاول اتوازن بفنجان القهوه اللذيذ,Diminished ability to think or concentrate
مشتت ضاءع وحاءر الكلمات اللتي تصفني,Diminished ability to think or concentrate
مشتت فكري لابعد مايمكن,Diminished ability to think or concentrate
مشتت ك بلدي اليمن شتته الحروب,Diminished ability to think or concentrate
مشتت كطالب يختار تخصصه,Diminished ability to think or concentrate
مشتت لاني استطيع التركيز لانني اركز الاشياء كلها الوقت ذاته,Diminished ability to think or concentrate
مشتت لدرجه الربكه تسمحلي اغير اسمك حياتي,Diminished ability to think or concentrate
مشتت مابين عفت و اشتقت,Diminished ability to think or concentrate
مشتت محطم متالم اتاكل الداخل,Diminished ability to think or concentrate
مشتت ن ذهني كني عالم اثار الديناصور والعنقا وبقيا غول,Diminished ability to think or concentrate
مشتت و حارت افكاري,Diminished ability to think or concentrate
مشتت وضااااايع,Diminished ability to think or concentrate
مشتت يريد ان يخرج بداخله ولكنه يستطيع,Diminished ability to think or concentrate
مشتته ,Diminished ability to think or concentrate
مشتته التفكير ك وطني ,Diminished ability to think or concentrate
مشتته الحضور و رغبتي ب الانعزال,Diminished ability to think or concentrate
مشتته انا عقل ناضجه و قلب طفله,Diminished ability to think or concentrate
مشتته انا وش بالنسبه,Diminished ability to think or concentrate
مشتته بشكل فضييييع,Diminished ability to think or concentrate
مشتته بشكل مرعب كاني رماد كف الريح,Diminished ability to think or concentrate
مشتته جدا و مش عارفه اخد قرار حاسه دايما اني بظلم اللي حواليا بدون قصد بسبب التردد الرهيب ده,Diminished ability to think or concentrate
مشتته جميع النواحي,Diminished ability to think or concentrate
مشتته حتي الكتاب غيرته مرتين وفتحت الايباد اتفرج وصكيت وش اسوي ,Diminished ability to think or concentrate
مشتته حيييل,Diminished ability to think or concentrate
مشتته كليا,Diminished ability to think or concentrate
مشتته لدرجه احس اني فقدت نفسي,Diminished ability to think or concentrate
مشتته و مشاعر مالها داعي,Diminished ability to think or concentrate
مشتته وتاءه,Diminished ability to think or concentrate
مشتته وجددددا,Diminished ability to think or concentrate
مشتته ومتردده وااااه الوجع,Diminished ability to think or concentrate
معرف احس اني مشتته كثيييييير,Diminished ability to think or concentrate
مقفله غرفتي ابكي وعقلي مشتت وقاعده اعيش هلع مدري قلق,Diminished ability to think or concentrate
مكتئب مشتت حزين يائس بائس ضائع هارب منعزل تائه وحيد خائف منهك متعب مختنق,Diminished ability to think or concentrate
مو طبيعي جاني نوم الحين واحس دايخه مو قادره اركز,Diminished ability to think or concentrate
مو عارفه شسوي تعرفون ضايعه مشتته مدري ويني شيء قاعد يضغط علي,Diminished ability to think or concentrate
مو قادره اركز المدرسات افهم حتي اهو بعقلي وبتفكيري مو قادره,Diminished ability to think or concentrate
مو قادره اركز بروح اكل برتقال ,Diminished ability to think or concentrate
مو قادره اركز بشي اليوم حرفيا,Diminished ability to think or concentrate
مو قادره اركز بشي مدري ابكي اموت,Diminished ability to think or concentrate
مو قادره اركز حولي التفكير,Diminished ability to think or concentrate
مو قادره اركز حياتي,Diminished ability to think or concentrate
مو قادره اركز علي احد,Diminished ability to think or concentrate
مو قادره اركز علي الاجتماع,Diminished ability to think or concentrate
مو قادره اركز علي شي,Diminished ability to think or concentrate
مو قادره اركز علي كلامه ,Diminished ability to think or concentrate
مو قادره اركز عندنا كثير اشياء,Diminished ability to think or concentrate
مو قادره اركز كثر التعب ,Diminished ability to think or concentrate
مو قادره اركز ,Diminished ability to think or concentrate
مو قادره اركز كثير الاحداث بحياتي الفتره,Diminished ability to think or concentrate
مو قادره اركز كويس,Diminished ability to think or concentrate
مو قادره اركز لحظه,Diminished ability to think or concentrate
مو قادره اركز,Diminished ability to think or concentrate
مو قاعده احس بشي اني مشتته وجدا,Diminished ability to think or concentrate
موضوع مشتت تفكيري وحياتي ونفسيتي مره مره اتمني يصير باقرب وقت وارتاح,Diminished ability to think or concentrate
موطبيعي احس بتعب بجسمي وخمول وتفكيري مشتت غريب احس كانه شخص قاعد يسحب طاقه مني مو عارفه مين,Diminished ability to think or concentrate
مين اكثر شخص حاسس انه مشتت وغير مستقر  اكيد طبعا مو انا,Diminished ability to think or concentrate
نبضات قلبي مشتته مشاعري ممزقه اعد ثابت,Diminished ability to think or concentrate
روحي مشتته ترغب دائما بالهروب الي المجهول,Diminished ability to think or concentrate
نفسي ابطل ابقي مشتته بجددددد ,Diminished ability to think or concentrate
نفسي ابطل احس اني مشتته وتايهه,Diminished ability to think or concentrate
هالفتره مشتته مو قادره اركز شيء ابد وانسي والارق مستقعد يع اكره هالحاله,Diminished ability to think or concentrate
هاليومين صايره مره مشتته,Diminished ability to think or concentrate
و انا هافضل مشتت كدا لحد متى,Diminished ability to think or concentrate
و مشتته,Diminished ability to think or concentrate
واعطي حولي الامان والاستقرار وانا خايف مشتت رب,Diminished ability to think or concentrate
والله العظيم انتو عارفين انا مشتت عقليا وذهنيا و بصريا وسمعيا,Diminished ability to think or concentrate
والله ان عقلي مشتت يارب نورلي بصيرتي,Diminished ability to think or concentrate
والله اني ضايع و مشتت و حارت افكاري,Diminished ability to think or concentrate
والله تعبت خلاص مخي مشتت,Diminished ability to think or concentrate
والله صايره مشتته جدا ماقدر اجمع واركز بشيء حتي اذا قريت روايه شفت مسلسل مقدر اجمع الشخصيات ذهني مو صافي بتاتا,Diminished ability to think or concentrate
والله عندي كميه ضغوطات وتفكير مشتت ,Diminished ability to think or concentrate
والله مشتته نفسي بنفسي,Diminished ability to think or concentrate
والله مو قادره اركز ب اي شي واشوف وش صار اليوم احاول استوعب الوضع,Diminished ability to think or concentrate
وانا مشتت اتغدا ونام,Diminished ability to think or concentrate
واني بفتره انا افعله بعادتي اني مشتت اقاوم الشي واني بهذا الامر راضيه امات كان بداخلي يشجعني كان يشجعني علي النهوض والصبر فالان بحاجته بشده اعد احس,Diminished ability to think or concentrate
واني مشتته ماضي اشتاقه وحاضر اطيقه ومستقبل اخشاه تهت الازمان فلا اعرف اين يجب ان اكون اعرف اعيش اليوم واتناسى الامس واتغاضي الغد,Diminished ability to think or concentrate
واو ياعقلي مشتت استغفرالله,Diminished ability to think or concentrate
وربي انا مشتته,Diminished ability to think or concentrate
وربي تشتت مو قادره اركز بسببه,Diminished ability to think or concentrate
العالم كله مشتت الناس باهتين الغرباء ساذجين الاصحاب يوما معك ويوما الله عليم الحياه مخيفه لدرجه تجعلك تنغمس بذاتك وتنسي ان العالم موجود,Diminished ability to think or concentrate
وصلني خبر يجيب الهم واحس عقلي مشتت وقتها,Diminished ability to think or concentrate
اسفه انا محبطه و فكري مشتت و حاسه اني بلف بدوامه مش راضيه تخلص مش قادره انبسط,Diminished ability to think or concentrate
وقتي يضيع فالتخطيط وبدون اي تنفيذ لاني مب عارفه احط خطه وامشي عليها كله مشتته واتشتت بسرعه وحدي اسوي لاسبوع,Diminished ability to think or concentrate
ولقد ارهقني عناء السعي وشقاء الوصول مغيب البصيره و منطفي الالهام خائف تكرار الاخطاء نفسها وعدم الوصول مشتت الذهن وضائع ,Diminished ability to think or concentrate
انا مش تمام ومش بخير ومش كويسه ومش متطمنه ومش مبسوطه ومش مرتاحه قلقانه خايفه متوتره مكسوره مشتته مضغوطه,Diminished ability to think or concentrate
وهناك انا مشتت انا فقط تفكر,Diminished ability to think or concentrate
ياربي الحيره مشتته مرررره يارب ااخترلي,Diminished ability to think or concentrate
قلبي محطم وفكري مشتت,Diminished ability to think or concentrate
يالله صداع مو قادر اركز بسببه,Diminished ability to think or concentrate
محتاجه اهرب حالا انا للدرجه دي مشتته,Diminished ability to think or concentrate
يارب دلني للطريق الصح يارب تعبت وانا مشتته,Diminished ability to think or concentrate
يعني الان مو قادر اعبر الي جواتي او بقلبي لان تركيزي مشتت ومو عارف وش اسوي,Diminished ability to think or concentrate
قسم عقلي مشتت وافكاري ملخبطه مقدر اكمل شيء,Diminished ability to think or concentrate
يموت الشغف تلقاءيا المرء عندما تتوالي الخيبات الاصدقاء ويصبح الحزن رفيق دربه الابدي عندما يعجز ذرف الدموع او الثرثره كعادته,Diminished ability to think or concentrate
أجلس بمفردي شارد الذهن مشتت التفكير افقد الشغف,Diminished ability to think or concentrate
حاسه صراع و مشتته  حاسه اني دوامه او حفره مظلمة و مش عارفه اخرج,Diminished ability to think or concentrate
يوم امس يوم للنسيان يوم مشتت,Diminished ability to think or concentrate
اليوم خلص متى وعقلي مشتت ومش مركزه ومش بستوعب كويس,Diminished ability to think or concentrate
وين تختفي طاقتي وذهني ليه مشتت,Diminished ability to think or concentrate
تعب الروح وارق الشعور وشحوب الايام وكسرها,Diminished ability to think or concentrate
           ,feelings of worthlessness
خاب ظني,Feelings of worthlessness
خاب ظني ومعد اثق بحد,Feelings of worthlessness
انا خذلت نفسي عندما رهنت علي انهم اوفياء,Feelings of worthlessness
لاني خذلت نفسي لاني احسن الاختيار فيمن يستحق ان اشاطره هواجس النفس,Feelings of worthlessness
خاب ظني بالكثير وعيوني ملها الدمع,Feelings of worthlessness
تدري وشلون يخذلني احد انا خذلت نفسي عندما راهنت علي انهم اوفياء,Feelings of worthlessness
خذلت نفسي,Feelings of worthlessness
نفس الشعور واحس بالذنب طول الوقت لاني خذلت نفسي وحاسه بالضياع,Feelings of worthlessness
للاسف خذلت نفسي حتي اشعر بالخذلان الشديد,Feelings of worthlessness
تصدق انا اشتغل علي نفسي لين احط راسي عالمخده وانا مو راضي نفسي,Feelings of worthlessness
لقد خذلت نفسي,Feelings of worthlessness
خذلت نفسي الصراحه توقعتها مني,Feelings of worthlessness
ااايه والله خاب ظني خاب,Feelings of worthlessness
انا خاب ظني فوق السته مرات,Feelings of worthlessness
خاب ظني للاسف,Feelings of worthlessness
خاب ظني وطاب الخاطر,Feelings of worthlessness
لانه خاب ظني بشخص,Feelings of worthlessness
احس ماني راضيه عن نفسي,Feelings of worthlessness
بصراحه انا كنت متفاءل خاب ظني وانكسر,Feelings of worthlessness
لا بأس فأنا خذلت نفسي باختياري,Feelings of worthlessness
لقد خاب ظني لكنني متفاءل,Feelings of worthlessness
خاب ظني وانكسر غلطي وثقت مرا وانعدمت بالكل ثقتي,Feelings of worthlessness
حتي خاب ظني كثيره عليها,Feelings of worthlessness
خاب ظني اهديته ثقتي فاجبرتني علي هجرانه,Feelings of worthlessness
ابشركم خاب ظني,Feelings of worthlessness
ابي ابكي كنت متامله كثير وخاب ظني,Feelings of worthlessness
ابي اصير قريبه ربي مرة  جد مو راضيه نفسي رغم مو اني سيئه ودي اصير احسن فضفضه نفسي,Feelings of worthlessness
احتاج مواساه لنفسي علي مره خاب ظني في الناس ,Feelings of worthlessness
احس اني خذلت نفسي عندما راهنت على شيء,Feelings of worthlessness
احس اني خذلت نفسي مدري ليه,Feelings of worthlessness
احسنت الظن حتي خاب ظني,Feelings of worthlessness
احسني مو راضيه نفسي الفتره دي من ناحيه قربي,Feelings of worthlessness
اسف خذلت نفسي وخذلتك معي ,Feelings of worthlessness
اسفه لنفسي لقد خاب ظني حيل وش استفدت الوجع الحزن,Feelings of worthlessness
اشعر انه كان عندي امل لطيف خاب ظني و صرت مابي افكر هالشيء لاحقا,Feelings of worthlessness
اعتذار واجب يخذلني احد انا خذلت نفسي,Feelings of worthlessness
اعتذر لنفسي مره تلهفت ل شيء و خاب ظني ب كسره نفس عظيمه ,Feelings of worthlessness
اعتقدت انه سبب كافي للاسف خاب ظني,Feelings of worthlessness
ما عاد احب شيء اختصرت الحب شيء واحد خاب ظني,Feelings of worthlessness
اعرف ليه دعيت ربي كثير و قلبي استجاب خاب ظني لدرجه عاد ابي ادعي,Feelings of worthlessness
اكره جدا لمن اكون محتاجه شخص احس اني خذلت نفسي,Feelings of worthlessness
الفتره اللي فاتت خاب ظني بحاجات كتير فتركتها,Feelings of worthlessness
الله يجبر خاطري علي كلشي خاب ظني,Feelings of worthlessness
الله يعوضني شيء خاب ظني ,Feelings of worthlessness
اللهم عوض قلبي شء خاب ظني فيه,Feelings of worthlessness
اللهم عوض قلبي شي خاب ظني,Feelings of worthlessness
اللهم عوض قلبي شي خاب ظني تجمعه لاخيره ,Feelings of worthlessness
اللهم عوض قلبي شيء خاب ظني فيه,Feelings of worthlessness
اللهم عوضني خير شيء خاب ظني,Feelings of worthlessness
انا خذلت نفسي عندما راهنت نفسي علي انه مختلف,Feelings of worthlessness
انا خذلت نفسي عندما راهنت علي انهم اوفياء,Feelings of worthlessness
انا رحت تدري لاني كنت وافي و خاب ظني,Feelings of worthlessness
انا مش خاب ظني انا خاب قلبي والله,Feelings of worthlessness
انا مو خاب ظني انا خاب قلبي ,Feelings of worthlessness
انكسر داخلي احس اني خذلت نفسي وتماشيت وضع كنت ابغاه لاجل شيء معين ضحيت وصرت رهين هالوضع ,Feelings of worthlessness
اول مره احس بخذلان وما صار عندي طاقه خلاص,Feelings of worthlessness
بصرخ خاب ظني,Feelings of worthlessness
خاب ظني بالجميع,Feelings of worthlessness
خاب ظني بالكثير وبك,Feelings of worthlessness
خاب ظني بالكل,Feelings of worthlessness
خاب ظني باللي حولي كثير ,Feelings of worthlessness
خاب ظني بالڪثير واڪتشفت ان حب الذات بانانيه,Feelings of worthlessness
خاب ظني بحبوب النوم ,Feelings of worthlessness
خاب ظني بكتير ناس وقفت عليكي,Feelings of worthlessness
خاب ظني بكل شيء فيهم انا,Feelings of worthlessness
خاب ظني حييل,Feelings of worthlessness
خاب ظني خلاص,Feelings of worthlessness
خاب ظني صدقق هالمره,Feelings of worthlessness
خاب ظني قريب واسال الله العوض,Feelings of worthlessness
خاب ظني كان اسعد يومممم,Feelings of worthlessness
خاب ظني كنت اظنه,Feelings of worthlessness
خاب ظني والله,Feelings of worthlessness
خاب ظني وظني بربي ما يخيب,Feelings of worthlessness
خاب ظني وفاق القلب حر ذاق,Feelings of worthlessness
خاب ظني وكم خبت معه,Feelings of worthlessness
خاب ظني يمكن انا اكثر واحد كان طيب,Feelings of worthlessness
خذلت نفسي,Feelings of worthlessness
خذلت نفسي اليوم,Feelings of worthlessness
لقد خاب ظني بالجميع محد يستاهل الثقه ,Feelings of worthlessness
لقد خاب ظني كثيرا احسنت اليهم,Feelings of worthlessness
ماكنت اظن خاب ظني,Feelings of worthlessness
ماني راضيه عن نفسي,Feelings of worthlessness
مو راضيه عن نفسي ابدا,Feelings of worthlessness
مو راضيه عن نفسي وهذا اسوء شي,Feelings of worthlessness
والله خاب ظني صدق ,Feelings of worthlessness
والله مو راضيه عن نفسي وصلنا مرحله الهلاك,Feelings of worthlessness
وان خاب ظني اشعر اني يبكي,Feelings of worthlessness
وسيبقي هدوءي عتابي لمن خاب ظني به,Feelings of worthlessness
وكم خاب ظني بالعباد ظني بربي يخيب,Feelings of worthlessness
وكم خاب ظني وكنت اظنه مايخيب,Feelings of worthlessness
يارب خاب ظني بالكثير,Feelings of worthlessness
يارب عوضني شيء خاب ظني فيه,Feelings of worthlessness
يبقي هدوءي عتابي الوحيد لكل خاب ظني,Feelings of worthlessness
لا يخذلني احد انا خذلت نفسي توقعت منهم الافضل ,Feelings of worthlessness
انا خذلت نفسي بنفسي,Feelings of worthlessness
يوم خاب ظني بالكل عرفت ان حب النفس مو انانيه,Feelings of worthlessness
انا خذلت نفسي عندما انفقت الكثير قلبي علي المزيفين واشباه الاصدقاء,Feelings of worthlessness
,
حيل ملل,losing interest or pleasure in activities
ملل,losing interest or pleasure in activities
ملل حيل نبي اي شيء,losing interest or pleasure in activities
نعرف انه ملل ومستمرين,losing interest or pleasure in activities
طفش مافيني نوم ومحد يكلمني,losing interest or pleasure in activities
طفش وابي اسولف,losing interest or pleasure in activities
طفش طفش,losing interest or pleasure in activities
نفس الروتين ملل,losing interest or pleasure in activities
طفش,losing interest or pleasure in activities
اذا شوي طبعا عادي اذا حياتي كلها ملل,losing interest or pleasure in activities
ملل ترا,losing interest or pleasure in activities
والله طفش,losing interest or pleasure in activities
ايوه ياليت طفش,losing interest or pleasure in activities
والله كثير زيك خلاص الي متي بالبيت والله ملل يامنال,losing interest or pleasure in activities
مدري طفش,losing interest or pleasure in activities
طفش برضو,losing interest or pleasure in activities
عندك حق والله الوحده ملل,losing interest or pleasure in activities
اي والله احس طفش,losing interest or pleasure in activities
عطونا شيء نسويه طفش ياخي,losing interest or pleasure in activities
وربي ملل وقتك كله سادح مافي هدف ف حياتك كنك بهيمه تاكل وتنسدح جربت حياه العاطلين فرته ماش ماجازت,losing interest or pleasure in activities
شسوي طفش,losing interest or pleasure in activities
اي تكفيييين طفشانه بموت طفش يلا سوي شوشو داومت,losing interest or pleasure in activities
ملل,losing interest or pleasure in activities
والله ملل ماش,losing interest or pleasure in activities
تعب و زهق,losing interest or pleasure in activities
والله طفش وملل,losing interest or pleasure in activities
مافي اي متعه طفش وملل وزهق,losing interest or pleasure in activities
اخخخخ ياخي طفش صدق,losing interest or pleasure in activities
وربي طفش اليوم طويل بزياده,losing interest or pleasure in activities
ملل بشكل ان ودي اقتل شخص عشان يروح الملل,losing interest or pleasure in activities
ملل,losing interest or pleasure in activities
مره طفش,losing interest or pleasure in activities
ممل طفش سيء,losing interest or pleasure in activities
تحسين صدق طفش,losing interest or pleasure in activities
روتين ملل,losing interest or pleasure in activities
ليش ملل,losing interest or pleasure in activities
ليييه والله طفش,losing interest or pleasure in activities
والله طفش اتمني عندي دوام,losing interest or pleasure in activities
اي والله ملل,losing interest or pleasure in activities
حقيقي ملل,losing interest or pleasure in activities
اي والله ملل الصباح,losing interest or pleasure in activities
طفش نعسان,losing interest or pleasure in activities
المشكله مافيه شيء اواصل عشانه طفش,losing interest or pleasure in activities
الحين تجربين شعور ان محد يحبك وان الدنيا كلها طفش وان م عندك حياه,losing interest or pleasure in activities
مو مهتم,losing interest or pleasure in activities
زهق,losing interest or pleasure in activities
زهق واكتئاب,losing interest or pleasure in activities
اف ملل,losing interest or pleasure in activities
الا ضيقة مو طفش,losing interest or pleasure in activities
اي والله مثلك ملل,losing interest or pleasure in activities
بذات طفش ايام الدراسه,losing interest or pleasure in activities
صدق صار طفش مو مثل قبل,losing interest or pleasure in activities
ادري ملل لازم ادور اي شي,losing interest or pleasure in activities
طفش واحس بعيش ايام اخر سنه للان مو متحمسه بداوم,losing interest or pleasure in activities
صدق طفش,losing interest or pleasure in activities
موتني صار عندي ملل واني استخدمته صار اسبوع والله وهوه زمان عندي ملل,losing interest or pleasure in activities
طفش,losing interest or pleasure in activities
اصلا ملل بدونك,losing interest or pleasure in activities
اي العصر دايم ملل,losing interest or pleasure in activities
متبطحه افرفر بتويتر ساعتين وبرضو طفش,losing interest or pleasure in activities
ملل اقسم بالله,losing interest or pleasure in activities
وربي طفش,losing interest or pleasure in activities
طفش بشكل,losing interest or pleasure in activities
والله ان حياه الخريجين طفش,losing interest or pleasure in activities
مره طفش,losing interest or pleasure in activities
ملل فعلا,losing interest or pleasure in activities
كلنا فينا ملل وحزن,losing interest or pleasure in activities
حتي الشخص نفسه يلزمك اكيد م راح اوصل لذي المرحله الا وانا متبلد,losing interest or pleasure in activities
هذا فراغ مش ملل,losing interest or pleasure in activities
الجو طفش مره,losing interest or pleasure in activities
حقيقي موت الشغف ملل,losing interest or pleasure in activities
حمله انا متبلد انا اعيش حياه سعيده,losing interest or pleasure in activities
اي والله طفش خلاص بروح انام,losing interest or pleasure in activities
ادري والله ملل النوم وملل الجلوس شكلي بتامل السقف لين انام,losing interest or pleasure in activities
امس اخذنا شي والوضع طفش ليش اتعب نفسي ثاني مره,losing interest or pleasure in activities
صايره خنقه مو ملل,losing interest or pleasure in activities
زهق وتعب وحرق دم ع الفاضي اخي والله,losing interest or pleasure in activities
والله نفس الحال زهق,losing interest or pleasure in activities
ملل مش طبيعي والله,losing interest or pleasure in activities
ملل مميت,losing interest or pleasure in activities
,
ياهل التجارب والخبره محتاج وصفه تجيب النوم الجسم مني نفذ صبره منهك الامس لين اليوم ,loss of energy
الليله قضيتها متعبه شده الحزن والبكاء,loss of energy
متعبه جدا,loss of energy
صح متعبه متعبه,loss of energy
اتمني ان الوضع يكون افضل لان الوضع الحالي متعب,loss of energy
تبادل الخذلان متعب للنفس والقلب سلمت,loss of energy
الموضوع متعب نفسيا والله,loss of energy
جدا متعبه اكثر شي اي كلمه ازعل ,loss of energy
متعبه مدري وين ابدا تعب مايخلوك تنام,loss of energy
صارلي شهر احس بهالشعور يوميا شعور متعب ,loss of energy
ليه احب الناس اللي صعب احبهم وبيكون متعب,loss of energy
ليه افكر وتفكيري يكون عميق و متعب,loss of energy
ليه العلاقات البشر متعبه,loss of energy
ليه دايما ارهاق ومعافره ف حاجه,loss of energy
ليه قاعده احس الكل يتجاهلني,loss of energy
مافي شعور متعب اكثر انك تكون  ساكت وتفكر,loss of energy
متعب جدا و كثيرا و ابدا ,loss of energy
متعب قلبي,loss of energy
متعب كثيرا انا اشتهي نومه عميقه جدا ك الاموات اريد ان ارتاح ان تغفو عيناي بلا دمع وجع,loss of energy
متعب للانسان ان افكاره مسجونه,loss of energy
متعب للغايه,loss of energy
متعب مو مرهق وبس,loss of energy
متعب نفسيا شايفته بعز الظهر,loss of energy
متعب نوم العصر الله يعين للي ينام عصر يحدثالان,loss of energy
متعب هالنوع التفكير,loss of energy
متعب واقول انه تعب الطريق او تعب يوم طويل او سنين بتمضي ايام تشبهني لكنه انت انت يتعبني,loss of energy
متعب وجدا,loss of energy
متعب وجدا وكان جبال الارض يحملها صدري,loss of energy
متعبه ابي ارتاح,loss of energy
متعبه الحياه,loss of energy
متعبه الحياه حبيب رفيق دمعه وكل اه تشعل الدنيا حريق,loss of energy
متعبه الضيقه اللي تكتم القلب وتبعد النوم,loss of energy
متعبه الطريق و البشر و الاحلام و قله حيلتي و متعبه ايضا الغد يات الامس منتهي الايام و لياليها الموحشه,loss of energy
متعبه جدا واقصي استطيع حمله اسمي,loss of energy
متعبه فكره انك تكون شخص مهتم ومدقق لاصغر التفاصيل شخص مبالي,loss of energy
متعبه فكره انو التواريخ تتغير وحياتي واقفه,loss of energy
متعبه كجذع شجره تم قطعه,loss of energy
متعبه لكني ابتسم بخفه يحمل احد همي فوق همه,loss of energy
متعبه للحد ان سالني احد حالي سابكي فجبرا الله انت الغني فاغنني الدنيا ومافيها واجبر حالي,loss of energy
متعبه للحد يدفعني لاختيار اقصر كلمه اتفوه وتءدي للمعني ذاته ,loss of energy
متعبه مثقله كان الارض علي صدري,loss of energy
متعبه والحال يزداد سوء داءما,loss of energy
متعبه وكان الليل يجد مساحاته الا قلبي ليندهكامل,loss of energy
متعبه ولدت بقلب مريض وخز الالم صدري احتضنت صوره ابي احاول ان اكمل نقص عافيتي ندي,loss of energy
متعبه وڪٲن الدنيا جمعت اوجاعا لتستقر قلبي,loss of energy
متعبه يالله والارض لم تعد تسعني,loss of energy
متععب متعب انا يارب وانت المنقذ,loss of energy
متي يحدث تشين الحياه صارت متعبه دونه,loss of energy
مجرد شخص منهك انا مقيم طيله الوقت علي جرف دمعه تجيد السقوط,loss of energy
محاوله تجاوز هالايام متعبه نحتاج صديق يساعدنا عليها,loss of energy
مرحله عدم الرضي اي شي حتي نفسك متعبه ومرهقه واجد,loss of energy
مره ارهاق,loss of energy
مره الموضوع متعب اني اعيش بنفس البيت شخص صعب ونكدي,loss of energy
منهك,loss of energy
منهك الاشياء انتهتلكنها مستمره بداخلي ,loss of energy
منهك الوجود كتشبيه لغوي عجزت صياغته جيوش البلاغه ,loss of energy
منهك قلبي,loss of energy
منهك كجدار يحمل السقف علي كتفه ,loss of energy
منهك ل مرور الايام ب صعوبه كانها تمشي علي ب خطوات ثقيله,loss of energy
منهك لدرجه انني اتذوق الفرح بمراره,loss of energy
مو طبيعي الوضع متعب,loss of energy
والله مافيه شي متعب كثر تعديل النوم,loss of energy
والله متعب بشكل,loss of energy
ياخي الارق متعب ساعة من اول بالفراش للحين,loss of energy
يارب اطلع كحداني ,loss of energy
يوم اخر متعب باس ربما غدا افضل,loss of energy
يوم اقل اقول عنه متعب,loss of energy
يوم شاق متعب,loss of energy
يوم طويل جدا متعب جدا,loss of energy
يوم طويل متعب بتحس انك مش محتاج حاجه انك تتاخد بالحضن ويتقالك هانت ,loss of energy
يوم طويل و متعب,loss of energy
يوم طويل و متعب و غريب و الاحداث اللي غريبه خلصت كميه صبري لهذا الاسبوع يارب انام و اصحي يطلع بكره الجمعه ,loss of energy
يوم طويييييل و متعب,loss of energy
يوم متعب بشكل,loss of energy
يوم متعب بشكل مو طبيعي,loss of energy
يوم متعب بكل تفاصيله,loss of energy
يوم متعب بكل تفاصيله حرفيا,loss of energy
يوم متعب بكل م تحمله المعاني كلمه ,loss of energy
يوم متعب بمعني الكلمه,loss of energy
يوم متعب جدا حلو,loss of energy
يوم متعب جدا و وراي مسكت خط الطاقه صفررر,loss of energy
يوم متعب جداا جدا,loss of energy
يوم متعب فعلا,loss of energy
يوم متعب كثيرا,loss of energy
يوم متعب مره,loss of energy
يوم متعب منسف غيبوبه,loss of energy
يوم متعب نمت يوم كامل,loss of energy
يوم متعب و مداوم سهرانن و الحين بنام,loss of energy
يوم متعب و مقفول اوله,loss of energy
يوم متعب وسيء,loss of energy
يوم متعب وثقيل,loss of energy
يوم متعب وصهد,loss of energy
يوم متعب وليله بائسه,loss of energy
يوم متعب ومزال م كمل,loss of energy
يوم متعب ومستنزف للطاقه,loss of energy
يوم متعب ومقرف,loss of energy
يا ويلي متعبه مره,loss of energy
حساسه بشكل طفولي و متعب,loss of energy
یارب طمن شخص خايف وريح قلب شخص متعب,loss of energy
‌يا خالق الروح ان الروح متعبه,loss of energy
اه تنهيدة متعبة,loss of energy
,
 معقول الناس منزعجه مني ,low mood
 مفيها شي ضيقه الخلق صعبه,low mood
ياما كذبنا وقلنا بخير وفي خاطرنا الف ضيقه,low mood
ودي اشارك ضايقه فيني,low mood
متشائمه,low mood
ضايقه فيني,low mood
والله انا احس بضيق بقلبي بدون سبب وكذا فجاه,low mood
ضيقه,low mood
يالله وقسم ضيقه,low mood
انا وقتها كنت منزعجه من كلامهم عشان كدا,low mood
احس بضيقه,low mood
انا حزين ووزني قاعد يزيد,low mood
عشان انا تعيسه اليوم,low mood
اي والله شعوري فتره طويله لدرجه اني امثل الامل وانا اشعر بالياس,low mood
جتني ضيقه الكلام,low mood
انا حزين حزين جدا,low mood
صدق مامزح ترا شايل هموم الدنيا فوق راسي,low mood
ضايقه علي الدنيا حبتين,low mood
قسم ضايق صدري,low mood
انا حزين عليهم,low mood
انا تعبت اقسم بالله انا حزينة جداً,low mood
حياتي حياتي بائسة,low mood
انا حزين,low mood
اخ انا حزين جدا ,low mood
اكره هالوقت اكره ضيقه خلق الي تجي معه,low mood
ااه انا حزين جدا,low mood
ابدو حزينه الليله بشكل مفرط,low mood
ابي اعرف وش شعور الدنيا وهي ضايقه فيني,low mood
ابي شي يضبطه ضايقه فيني اشياء,low mood
اتمني اموت,low mood
اتمني شي يتحقق ببساطه انا فقيره حظ انا تعيسه و حزينه شعور ما تتمني تعيشه,low mood
احس الدنيا كلها ضايقه فيني,low mood
احس الكون كله ضايق فيني,low mood
احس انو ضايق صدري كثر مو ضايق ماني قادره انام وعقلي فكره لفكره لفكره لفكره ,low mood
احس اني جدا حزينه,low mood
احس اني حزينه,low mood
احس اني شايله هموم اشياء كثيره ماعرف ايش,low mood
احس اني شايله هموم الامه العربيه والاسلاميه كلها والسبب مجهول,low mood
احس اني شايله هموم الدنيا ,low mood
احس اني شايله هموم الدنيا ابك مقدرت انام,low mood
احس اني شايله هموم الدنيا كلها علي ظهري,low mood
احس ببكي اليوم مره ضايق علي الف,low mood
احس بضيق ,low mood
احس بضيق احسني ابغا ابكي شوي,low mood
احس بضيق اعوذ بالله قلبي بينفجر بروح انام افضل,low mood
احس بضيق الدنيا كلها فيني,low mood
احس بضيق الدنيا كلها قلبي,low mood
احس بضيق الدنيا كلها ومافي شي قادر يخفف علي هالشعور السيء,low mood
احس بضيق العالم كله بقلبي,low mood
احس بضيق لدرجه ودي ابكي,low mood
احس بضيق مدري وش,low mood
احس بضيق مو طبيعي,low mood
احس بضيق وشعور غريب ,low mood
احس بضيق وكنت ابي اسهر عشان بكرا يوم مليان شغلات,low mood
احس بضيق وملل وخوف,low mood
احس بضيقه الارض,low mood
احس بضيقه الدنيا بقلبي,low mood
احس بضيقه الدنيا كلها بقلبي,low mood
احس بضيقه اللي اقول انا يالله وش سويت,low mood
احس بضيقه بخنقه ودي ابكي,low mood
احس بضيقه بداخل صدري وقلبي يوجعني,low mood
احس بضيقه بدون سبب,low mood
احس بضيقه بصدري لدرجه احس اليوم بدون مااقوم,low mood
احس بضيقه بصدري ومره توجعني,low mood
احس بضيقه بصدري ومره توجعني يارب صبرني,low mood
احس بضيقه تكه و تخنقنيييي,low mood
احس بضيقه توصف مدري ايش اي شي نفسيتي زفت,low mood
احس بضيقه حتي مو متحمسه لشيء واحس وحشني كون دحين ,low mood
احس بضيقه خلق مجهول المصدر,low mood
احس بضيقه صدر الله يعلم السبب,low mood
احس بضيقه صدر وشعور ما احبه مره,low mood
احس بضيقه صدر ما يعلمه الا ربي,low mood
احس بضيقه غريبه,low mood
احس بضيقه فصدري كان الدنيا كلها فوق قلبي,low mood
احس بضيقه قاعده اختنق,low mood
احس بضيقه قاعده تحرق قلبي كثر ماهي توجع ,low mood
احس بضيقه قويه,low mood
احس بضيقه لدرجه مو قادر انام ,low mood
احس بضيقه لكني اتجاهلها,low mood
احس بضيقه لهذا السبب اكره الليل,low mood
احس بضيقه مايعلمها ربي يارب يشرح صدري,low mood
احس بضيقه مب طبيعيه ومحد حاس ف ضروفي فيني واحس يارب يعدي شي,low mood
احس بضيقه مدري ليه,low mood
احس بضيقه مضيقه خويطري,low mood
احس بضيقه معقوله عشاني سهرانه امس,low mood
احس بضيقه مو طبيعيه,low mood
احس بضيقه مو قادره,low mood
احس بضيقه هاليومين مو طبيعيه حتي اهلي ملاحظين هدوءي و بعدي الناس والسوالف والضحك,low mood
احس بضيقه و بكتمه,low mood
احس بضيقه و كابه,low mood
احس بضيقه وخاطري ابككيي,low mood
احس حتي ماقدر اتنفس كثر انا حزينه حسبي الله ونعم الوكيل,low mood
احس روحي ثقيله علي وكاني شايله هموم البشر,low mood
احس شي ضايق فيني والله شي ضايق,low mood
احس صدق م صرت ارتاح بنومي شهرين او اكثر تقريبا كلها احلام نفس الشخص صرت اقوم النوم احس بضيق تنفس,low mood
احس ضايق صدري,low mood
احس ضايق صدري و حزين,low mood
احس ضايق صدري وموب ضايق مدري افهم,low mood
احس قلبي شايل هموم الدنيا كلها,low mood
احس قلبي شايل هموم الدنيا كلها فوقه,low mood
احسني حزين ,low mood
احسني شايله هموم الدنيا كلها,low mood
اخ احس بضيقه مستوطنه قلبي,low mood
اخ ضايق صدري,low mood
اف اشعر بالضيقه يسمعنا الوقت,low mood
اف اف قاعده احس بضيقه مو طبيعيه,low mood
اف شايله هموم مو,low mood
اف ضايق صدري الحلم زي الواقع,low mood
اف ضايق صدري صدق ابغي ابكي لين شي يطلع وارتاح,low mood
,
ابموه ظهري وفيني خمول ياربي,Psychomotor agitation or retardation
ابي اذاكر خمول ومصدعه وفيني نوم وانا تو صحيت,Psychomotor agitation or retardation
ابي ارتب غرفتي وبالذات درج تسريحتي ان خمول هالايام يلعب ,Psychomotor agitation or retardation
ابي ازين اظافري مالي خلق بسبب كسل,Psychomotor agitation or retardation
ابي اشوف انمي احس كسل و مشوار ادخل الموقع,Psychomotor agitation or retardation
ابي اطلع ملابسي شنطه السفر مو قادره فيني كسل,Psychomotor agitation or retardation
ابي افطر فيني كسل المطبخ بعيد,Psychomotor agitation or retardation
ابي الون او ارسم اي شي فيني كسل مب طبيعي,Psychomotor agitation or retardation
ابي انام واصحي واحصل حماسي رجع يكفي اسبوع كسل,Psychomotor agitation or retardation
اتخيل انام اكثر 10 ساعات تخيلوا اصحي النوم ويصير فيني خمول دبل وباقي فيني النوم ماشبعت علي الرغم الوقت كله يازين النوم القليل,Psychomotor agitation or retardation
احتاج قهوه تزيح عني خمول الصباح وملل الدوام ورتابه الحياه و روتينيه الاقدار,Psychomotor agitation or retardation
احس ان فيني خمول وتعب مبسوطه,Psychomotor agitation or retardation
احس ب خمول شربت قهوه لذيذه باقي للحينه الخمول ,Psychomotor agitation or retardation
احس ب خمول وكسل مو طبيعي ودي انام حتي,Psychomotor agitation or retardation
احس بالم مو طبيعي فيدي خمول صداع بروده الله يستر تاليها ,Psychomotor agitation or retardation
احس بخمول,Psychomotor agitation or retardation
احس بخمول شسوي,Psychomotor agitation or retardation
احس بخمول قوي,Psychomotor agitation or retardation
احس بخمول مو طبيعي ,Psychomotor agitation or retardation
احس بخمول وبردانه طول الوقت ودي افارق بطانيتي وسريري دقيقه,Psychomotor agitation or retardation
احس بخمول وكسل فضيع ان قمت المغرب,Psychomotor agitation or retardation
احس بخمول وكسل و ماودي اشتغل,Psychomotor agitation or retardation
احس بخمول وماودي انام شلون اصمل لين الليل ,Psychomotor agitation or retardation
احس بكسل لدرجه اني مابي افكر بشي يطير الكسل ,Psychomotor agitation or retardation
احس بكميه خمول و ارهاق و تعب مو طبيعيه,Psychomotor agitation or retardation
احس جاني كسل والله مالي خلق اتعب,Psychomotor agitation or retardation
احس خمول,Psychomotor agitation or retardation
احس خمول الدنيا كله فيني,Psychomotor agitation or retardation
احس خمول و تعب وييعع شنو,Psychomotor agitation or retardation
احس فيني خمول الحياه ,Psychomotor agitation or retardation
احس فيني خمول مو طبيعي مدري تعب وبدايه مرض قله نوم,Psychomotor agitation or retardation
احس فيني كسل بشششكل ,Psychomotor agitation or retardation
احس فيني كسل و نوم و مالي خلق اسمع محاضرات,Psychomotor agitation or retardation
احس ودي اسوي كثير اشياء ارجع الدوام يطقني كسل وخمول,Psychomotor agitation or retardation
احس ودي اطق احد او اكسر شيء فيني غضب داخلي اقدر افرغه بالكتابه الجدال بنفس الوقت فيني خمول وعجزه ومصخنه كلهم ,Psychomotor agitation or retardation
احسس ماادري جاني خمول ومالي خلق شي يعني شششلون افكر بالموضوع وانا ماابي الحين,Psychomotor agitation or retardation
احسني وايد شبعانه نوم الايام اللي فاتت خمول اليوم الحمدالله شبعانه نوم,Psychomotor agitation or retardation
احلي كسل يواجهه الانسان كسل رد الفعل,Psychomotor agitation or retardation
احيانا يجيني كسل بالاستيعاب يعني اسمع الي قدامي ومالي خلق افهمه,Psychomotor agitation or retardation
اخوان تعرفون علاج فاتح للشهيه يسبب خمول عاد اكل الا وجبه وحده اليوم ووزني نازل والحبوب اللي عندي تسبب نوم وخمول ,Psychomotor agitation or retardation
ادري العله فيني والا الدوام صاير فيني خمول ارجع الين انام الليل خلق اطلع او اسوي اي شي ,Psychomotor agitation or retardation
ادري اللي قاعده احسه كسل او برود او عدم الشغف ,Psychomotor agitation or retardation
ارق طول اليوم خمول حل وسط مافي يتعب الشي دا ,Psychomotor agitation or retardation
ارق فقدان شهيه هبوط بالوزن خمول كسل ياربي تعدي هالايام علي خير,Psychomotor agitation or retardation
ارق كوابيس نوم متقطع صداع تعب خمول,Psychomotor agitation or retardation
ارق نوم خمول ماني عارفه الصراحه,Psychomotor agitation or retardation
ارق و ارهاق ونقص نوم وخمول و كسل و نيه طايره,Psychomotor agitation or retardation
اسبوع فيني خمول,Psychomotor agitation or retardation
اسبوع كامل تقريبا خمول ونوم فقط نوم ,Psychomotor agitation or retardation
اغلب يومي صاير نوم و اذا صحيت خمول طول الوقت ,Psychomotor agitation or retardation
اف تاثير اللقاح لاعب فيني خمول وتعب وسخونه ورجفهه دعواتكم ,Psychomotor agitation or retardation
اف تعب خمول مالي خلق اتحرك,Psychomotor agitation or retardation
اف تعب وارهاق احس مو قادره اتحرك اني صاحيه العصر خمول بروح اشرب قهوه يارب اصحصح واتنشط,Psychomotor agitation or retardation
اف خمول ليتني قمت,Psychomotor agitation or retardation
اف راسي اكره صداع و خمول العصر,Psychomotor agitation or retardation
اف وعع خمول وصداع م ينتهون,Psychomotor agitation or retardation
اقسم بالله خمول مو طبيعي مدري بتحمل لنهايه السنه احتاج تجديد طاقه,Psychomotor agitation or retardation
اقسم بالله خمول وصداع صبح الله يوم اول يوم ,Psychomotor agitation or retardation
اقسم بالله فيني خمول مو طبيعي,Psychomotor agitation or retardation
الايام دي كميه خمول وانجذاب للنوم مش معقول,Psychomotor agitation or retardation
الايام صاير فيني خمول مو طبيعي,Psychomotor agitation or retardation
الايام فيني كسل مو طبيعي صايره اجاهد نفسي جهاد حتي اخلص اشغالي,Psychomotor agitation or retardation
الايام فيني كميه نوم و كسل و خمول مش طبيعيه,Psychomotor agitation or retardation
كسل وصل لدرجه اني بقيت بكسل اتصور حتي,Psychomotor agitation or retardation
كسل وطفش,Psychomotor agitation or retardation
كسل وملل,Psychomotor agitation or retardation
كسل ياخي,Psychomotor agitation or retardation
كميه تعب و خمول فظيعه,Psychomotor agitation or retardation
كميه خمول ارهقتني ماني عارف السبب ,Psychomotor agitation or retardation
كميه خمول اليوم غريبه جدا,Psychomotor agitation or retardation
كميه خمول اليوم مش طبيعيه,Psychomotor agitation or retardation
كميه خمول اوزعها عليكم كفتكم,Psychomotor agitation or retardation
كميه خمول توزع علي بلد كفته,Psychomotor agitation or retardation
كميه خمول ما توصف,Psychomotor agitation or retardation
كميه خمول علي بطء استيعاب ,Psychomotor agitation or retardation
كميه خمول مرهقه ,Psychomotor agitation or retardation
كميه خمول مش طبيعيه والله,Psychomotor agitation or retardation
كميه خمول مو طبيعي وش السالفه,Psychomotor agitation or retardation
كميه خمول مو طبيعيه,Psychomotor agitation or retardation
كميه خمول مي طبيعيه اعوذ بالله,Psychomotor agitation or retardation
كميه خمول وشعور التعب الا بدون شي زايد اليوم,Psychomotor agitation or retardation
كميه خمول وفراغ طبيعيه المفروض الشخص الدوام يتحمس ويتنظم للاسف ,Psychomotor agitation or retardation
كميه خمول وكسل طبيعي الواحد حاسي روحو باندا,Psychomotor agitation or retardation
كميه خمول وكسل موب طبيعيه,Psychomotor agitation or retardation
كميه خمول ومفيش طاقه لاي حاجه وربناا,Psychomotor agitation or retardation
كميه كسل اليوم مو طبيعيه,Psychomotor agitation or retardation
كميه كسل رهيبه,Psychomotor agitation or retardation
كميه كسل طبيعيه,Psychomotor agitation or retardation
كميه كسل مو طبيعيه,Psychomotor agitation or retardation
كميه كسل و برود مش طبيعيه والله,Psychomotor agitation or retardation
كميه كسل و خمول و انعدام طاقه فوق الخيال,Psychomotor agitation or retardation
كميه كسل وخمول فضيع يوم ينقال حاجه اسويها,Psychomotor agitation or retardation
ماشالله كسل بكل شي مالي خلق,Psychomotor agitation or retardation
هالاسبوع خمول مو طبيعي,Psychomotor agitation or retardation
هالاسبوع كله خمول و عجز,Psychomotor agitation or retardation
هالايام انام وانام وانام وباقي الوقت ابحث طرق تخفف كسل ,Psychomotor agitation or retardation
هالايام خمول اربع وعشرين ساعه,Psychomotor agitation or retardation
هالايام صايره اتنفس خمول بدال الهوا موطبيعي كلشي مالي خلق,Psychomotor agitation or retardation
هالفتره احس بخمول ونعاس مو طبيعي علي مانام ماشبع نوم يع,Psychomotor agitation or retardation
هالفتره احسها فتره اسمها خمول وتبلد وعدم احساس ضمير ,Psychomotor agitation or retardation
هالفتره خمول مو طبيعي,Psychomotor agitation or retardation
هالفتره صايبني خمول بدرجه عاليه جدا,Psychomotor agitation or retardation
هالفتره صايدني خمول مب طبيعي احس ابي اتم نايمه للابد,Psychomotor agitation or retardation
هالفتره عباره خمول وصداع ونوم مو طبيعي ,Psychomotor agitation or retardation
هالفتره عباره خمول وكسل لدرجه ودي ابقي نايمه والمفروض اكون كسوله بهالوقت,Psychomotor agitation or retardation
هالفتره عباره خمول ونوم وكثير المالي خلق لاي حاجه,Psychomotor agitation or retardation
هالفتره فيني خمول مو طبيعي لايكون حامل,Psychomotor agitation or retardation
هالفتره كلها كسل وزهققق مش طبيعي,Psychomotor agitation or retardation
هاليومين كميه خمول وكثره نوم بدون سبب,Psychomotor agitation or retardation
ياربي خمول مو طبيعي اناااام,Psychomotor agitation or retardation
ياربي فيني كسل العالمين,Psychomotor agitation or retardation
ياربي فيني كسل فضيع اذا مانمت زين طول يومي خامله ,Psychomotor agitation or retardation
ياربي مافيني حيل اشتغل كسل وخمول الدنيا فيني ,Psychomotor agitation or retardation
ياربييي فيني كسل,Psychomotor agitation or retardation
يالله خمول مو طبييعي,Psychomotor agitation or retardation
ياويلي فيني خمول مو طبيعي,Psychomotor agitation or retardation
يوم خمول لدرجه اني اليوم شربت قهوه 3 مرات,Psychomotor agitation or retardation
يوم صحيت اطلق نومه كسل و خمول مو طبيعي,Psychomotor agitation or retardation
يوم عباره خمول,Psychomotor agitation or retardation
يوم غريب خمول وتعب ودي اجلس طول اليوم بدون ارهق نفسي,Psychomotor agitation or retardation
,
مو قادرة أنام,sleep disorder
انا نومي ملخبط,sleep disorder
انا نمت وعلي غفوتي اختي تصحيني للحين مو قادره انام,sleep disorder
مو قادره انام وشكلي اواصل,sleep disorder
مصدعه مصدعه يعني مو قادره انام الصداع اول اغمض عيوني واحسها تنحول جوا واصدع زياده,sleep disorder
ترا بنام فليل شفيكم,sleep disorder
بعدين قولي نومي ملخبط,sleep disorder
سكتي يوم انام الخوف,sleep disorder
والله فتره طويله ما انام زين اشتقت لنومه الليل,sleep disorder
مادري نومي متقطع كثر افكر بجيني شويات وبرجع انام,sleep disorder
فيني نوم ابي اتفاعل مدري,sleep disorder
مو قادره انام كان نمت,sleep disorder
ااه الكام ساعه اللي بقعدهم لوحدي قبل ما انام ,sleep disorder
ابدا مو قادره انام,sleep disorder
ابغا طريقه عشان انام ,sleep disorder
ابغي ارجع انام فيني نوم,sleep disorder
ابغي انام الوقت الوقت اللي يجي النوم انام,sleep disorder
ابغي انام بنفس الوقت فيني ارق وبنفس الوقت التفكير الزايد شوي ويقتلني,sleep disorder
ابغي اناممممم الا فيني نوم ,sleep disorder
ابغي اي شي يسليني عشان انام بهذا الوقت ,sleep disorder
ابي ابكي الين انام,sleep disorder
ابي احد يجي يرقدني مو قادره انام ,sleep disorder
ابي ارجع انام ساعه بسس عشان اقدر اقاوم هاليومين اللي بنام فيهم مو قادره,sleep disorder
ابي اسوي اي شي عشان انام واعدل نومي,sleep disorder
ابي اعرف ليه مو قادره انام,sleep disorder
ابي اكمل يوم كامل بدون انام وبرضو بدون اكلم احد,sleep disorder
ابي انام حاسه اني قاعده انتظر شي لذلك مو قادره انام فعليا انا ماعندي شي ضميري صاحي ,sleep disorder
ابي انام فيني نوم,sleep disorder
ابي انام مو قادره انام ليشش,sleep disorder
ابي انام وكل انام يجيني حلم اسوا الثاني اعوذ بالله ,sleep disorder
ابي انام ولما اصحي احصل خيالي الواقع والله انام بعدها,sleep disorder
ابي حل ياجماعه صايره انام ابد تعبت ,sleep disorder
اتوقع انا خلاص بوصل اعلي ليڤل اني ما انام نهاءيا لان تخطيت مراحل قله النوم والارق وم الي,sleep disorder
اتوقع اني عدلت نومي يرب اليوم انام عشان مايخرب,sleep disorder
اتوقع ثالث او رابع يوم ارق مو قادره انام زي الناس و اذا نمت نومي متقطع شوي اصحي,sleep disorder
اتوقع حياتي كلها انام كلها صاحي,sleep disorder
اتوقع يوم تعبت مره كثر التعب كتبت وصيتي وصرت مو قادره انام بعدها,sleep disorder
اجهدتت نفسي بشككل كلو عشان انام الصبح,sleep disorder
احاول اتماسك انام وانا متضايقه عشان ماتنييفجر عروقي,sleep disorder
احاول اشغل نفسي عشان انام يما,sleep disorder
احاول اعدل نومي وحطيت راسي بالخدمه وادعو اني انام,sleep disorder
احاول امسك نفسي انام,sleep disorder
احاول انام ,sleep disorder
احاول انام الليل عشان اعدل نومي يارب اقدر,sleep disorder
احاول اني انام,sleep disorder
احاول اني انام العصر ماقدر,sleep disorder
احاول اني انام لانو جد قرفت,sleep disorder
احاول اهدي اعصابي واحاول اوقف دموعي بهالظلمه مو قادر انام,sleep disorder
احاول بشتي الطرق اني انام الحين,sleep disorder
احاول ماقدر اني انام عشاني زهقانه,sleep disorder
احتاج انام بنام,sleep disorder
احتاج خطط عشان انام,sleep disorder
احتاج مكالمه مدتها ساعتين علشان انام,sleep disorder
احترمت نفسي وحطيت منبه عشان ما انام كثير,sleep disorder
احتمال انام من الهم,sleep disorder
اححس مو قادره انام من الزعل شويا ويغمي عليا,sleep disorder
احس من التعب مو قادره انام,sleep disorder
احس من التوتر مو قادره انام,sleep disorder
احس النفسيه زفت مو قادره انام,sleep disorder
مو قادره انام التفكير الزايد,sleep disorder
مو قادره انام التفكير تعبني,sleep disorder
مو قادره انام التفكير خانقني,sleep disorder
مو قادره انام التفكير والصداع,sleep disorder
مو قادره انام وجع قلبي يوجعني ,sleep disorder
نومي صار سيء جدا صرت انام اكثر ثلاث ساعات يوميا و فوقها نوم متقطع,sleep disorder
نومي صاير مافي اسوء انام الا ساعه واصحي وكل يومي دايخ وابي انام,sleep disorder
نومي متقطع  قمت اربع مرات,sleep disorder
نومي متقطع امشي وانام ارهاق وهذا وانا ماعندي دوام هالاسبوع,sleep disorder
نومي متقطع انام ساعه واصحي وعلي الوضع ,sleep disorder
نومي متقطع انام واقوم انام واقوم ,sleep disorder
نومي متقطع بشكل لعين,sleep disorder
نومي متقطع صراحه,sleep disorder
نومي متقطع واحس,sleep disorder
نومي متقطع وسيء سيء سيء وفوق صداع نصفي والبلاك بورد مو راضي يضبط والله يعين بسس,sleep disorder
نومي متقطع وميته نوم,sleep disorder
و فيني النوم مو قادره انام,sleep disorder
والتفكير اللي مخلي نومي متقطع,sleep disorder
والحين ببكي مو قادره انام,sleep disorder
ودي انام علشان اعدل نومي مقدر احب النوم ,sleep disorder
وش هالحاله مو قادره انام,sleep disorder
وع نظام نومي ملخبط وحياتي معكوسه وكل شيء قرف توني اصحي النوم,sleep disorder
يارب انام مابدي نومي يتحوس,sleep disorder
يارب انام مابي اضيع اليوم,sleep disorder
يارب انام و اقدر اكمل,sleep disorder
ياربي ليش مو قادره انام,sleep disorder
ياربي مو قادره انام زين ,sleep disorder
ياساتر مو قادره انام ومانمت الا ساعه,sleep disorder
يالطيب عندي ارق ,sleep disorder
يالله التعب مو قادره انام,sleep disorder
يالله مو قادره انام وبعدين,sleep disorder
يالله نومي متقطع انام ساعه واقوم قسم صدعت,sleep disorder
يالله يالكتمه مو قادره انام,sleep disorder
يحزن ان حتي النوم مو قادره انام,sleep disorder
يحزن انو مو قادره انام,sleep disorder
يحزن اني مو قادره انام حتي الالم,sleep disorder
يحزن فيني ارق مو طبيعي,sleep disorder
يع صدق مو قادره انام,sleep disorder
يع ضيقه مو قادره انام,sleep disorder
يع طار النوم وربي انام,sleep disorder
يع مو قادره انام,sleep disorder
يع مو قادره انام زين ليه ليييه,sleep disorder
يع يع اكرهني اجلس افكر كثير و انام,sleep disorder
يعصب نومي متقطع مره,sleep disorder
يعع فيني نوم مو قادره انام الله ياخذ الارق,sleep disorder
يعني افهم طول الليل مانمت ولما صرت بنام صار فيني ارق ونفسيتي صارت زفت,sleep disorder
يوم قبل بنام بيجيلي هواجس بشعه طرق موتي بتسببلي ارق للصبح بتخليني مش قادرة انام,sleep disorder
يوم مو قادره انام كويس بالي مشغول كثير,sleep disorder
يوم واحد انام زين واقاوم ايام ورا يصير نظام احبه لذلك جهاد نومي ومتصالحين ,sleep disorder
يوم ونص صاحيه فيني ارق ,sleep disorder
يومي نصه يروح بسبب اني انام الوقت,sleep disorder
يومين اكل بنادول نايت لان فيني ارق واليوم كلت وجاني النوم كالعاده جسمي يرجف وخفقان ,sleep disorder
يومين ما انام الا ببنادول نايت وتكون احلي نومه بالحياه,sleep disorder
يومين انام الا ساعتين واقوم عطوني ثلاثه اسف,sleep disorder
يومين انام الا ساعه وهذه اشاره ان ملعنه نومي رجعت جديد اللي كان ناقصني,sleep disorder
يومين انام ساعه وحده باليوم,sleep disorder
يومين انام كويس وبموت تعب وهذا مابدينا شي,sleep disorder
يومين انام نوم مو طبيعي عشره ما انام ,sleep disorder
,
 دكتوره ابغي اموت  طيب انتي مميزه ,Suicidality
ابغي اموت,Suicidality
ابي اموت لو سمحتوا,Suicidality
شكرا ابي اموت,Suicidality
حتي انا ابي اموت اه متى,Suicidality
نفسي اموت,Suicidality
مابي ابي انتحر فوق الطاسه,Suicidality
ابي اموت,Suicidality
مرحبا اريد الموت,Suicidality
انا ابي اموت اصلا,Suicidality
ابي اموت وش الله يعينك,Suicidality
نفسي اموت وارتاح خلاص,Suicidality
نفسي اموت والله,Suicidality
انا ابغي اموت مره واحده,Suicidality
انا عندي افكار بالموت والانتحار ابغي اموت باي شكل,Suicidality
نفسي اموت مش عارفه,Suicidality
ابغي اموت,Suicidality
نفسي اموت,Suicidality
تاكدنا بكره نفس الوقت ابي اموت,Suicidality
والله مااحب الحياه  ابي اموت خلاص,Suicidality
مااشتقت لشي ابغي اموت,Suicidality
ابي اموت,Suicidality
ابغي اعيش لحالي,Suicidality
اذا كنت ابي انتحر بدون م اخذ اثم ابشري بسويها,Suicidality
نفسي اموت واخلص صداعهم مش مبسوط اللي بيجرا منهم,Suicidality
ابغي انتحر بس بدون الم ,Suicidality
اريد الموت,Suicidality
تعبت جماعه ابغي انتحر خلاص,Suicidality
نفسي اموت,Suicidality
ابي اموت اول,Suicidality
فعلا ابغي اموت الحين,Suicidality
موت انتحار ابي انتحر او اموت تفرق كلها تؤدي الغرض,Suicidality
ابي انتحر,Suicidality
ابي اموت ابي انام للابد مو موت مدري,Suicidality
ابغي اموت لان مافي فايده حياتي,Suicidality
ابي اموت الحين,Suicidality
ابي اموت,Suicidality
فعلا احس نفسي اموت,Suicidality
ما ابغي اعيش,Suicidality
ابي انتحر اخاف اموت,Suicidality
انا ايضا ما ابغى الحياه كلها ابغي اموت,Suicidality
عادي ابي اموت المهم المشاركه وكذا ,Suicidality
مابي اكبر ابي اموت,Suicidality
تكفين ابغي اموت,Suicidality
ما عندي حياه حلوه ابي انتحر,Suicidality
شعوري ابي اموت,Suicidality
ابي انتحر هوه دا,Suicidality
لان فعلا ابي اموت,Suicidality
اقتليني ابي اموت,Suicidality
ابغي اموت هالحين,Suicidality
والله اريد الموت من زمان,Suicidality
ليه ابغي اموت,Suicidality
اه ابغي اموت مو راضيه تماما اوقف المشوار لان التكمله بتزيد الطين بله,Suicidality
اه اكرهني ابغي اموت,Suicidality
ما بديت اليوم ابي اموت,Suicidality
ما ابغي من احد شي انا ابي اموت,Suicidality
ما ابغي اعيش اكثر,Suicidality
ما ابغي اعيش تعبت الحياه,Suicidality
ما ابغي اعيش حياه اعتياديه,Suicidality
ابغي اموت ما ابغى اعيش,Suicidality
ابغي اموت ما ابغي اعيش الحياه,Suicidality
ابغي اموت ابغي اموت ابغي اموت فعليا حياه لاتطاق,Suicidality
ابغي اموت ابغي اموت ابغي اموووووتت,Suicidality
ابغي اموت ابي اموتتتت,Suicidality
ابغي اموت ما صرت اتحمل,Suicidality
ابغي اموت اقتلوني,Suicidality
ابغي اموت ما اقدر عشاني جبان,Suicidality
ابغي اموت اقرب وقت قفلت معي,Suicidality
ابغي اموت الان,Suicidality
ابغي اموت خلاص,Suicidality
ابغي اموت ربي ليش مو قاعد ياخذ روحي ما ابغي اعيش منجد تعبت القرف,Suicidality
ابغي انتحر اخاف جهنم,Suicidality
ابغي انتحر,Suicidality
ابغي انتحر نسيت انه شيء بيروح يارب شجعني علي الانتحار ما اطيق غباءي,Suicidality
ابغي انتحر هالحين,Suicidality
ابي اتحرك ابي اتنقفس ابي اعيش رغبتي بالموت دقيقه وكل ثانيه تزيد,Suicidality
ابي اموت ماابي احس بكميه هالوجع,Suicidality
ابي اموت واختفي من هالدنيا الزفت,Suicidality
ابي اموت وارتاااح,Suicidality
ابي اموت متضايقه موووووووت,Suicidality
ابي اختفي ابي اموت,Suicidality
مشاعري اليوم اني ابي اموت,Suicidality
معد ابي شي ابي اموت,Suicidality
معصبه وربي ابي اموت نفسي,Suicidality
مقدررر حاولت اسوي اي شي مقدر ابغي انتحر,Suicidality
مو قادره اتحمل نفسي اموت,Suicidality
نفسي اموت عشان ما احس بالم تاني والله,Suicidality
نفسي اموت يلعن ضيقه النفس مليون مره,Suicidality
ولكم ابي انتحر خلاص مابي مجتمعكم قلبي مايتحمل الاشياء,Suicidality
وللمره المليون ابغي اموت,Suicidality
ولله ما اقدر اتحمل اكثر ابي اموت,Suicidality
ي رب ابي انتحر تغفر ترحمني اه ي رب ,Suicidality
ياخي ابي اموت,Suicidality
يارب ابي اموت وافتك من الكم الهاءل من المشاعر اللي متعبني,Suicidality
يارب نفسي اموت,Suicidality
ياربي ليش ماتاخذني وارتاح خلص ما ابغي اعيش,Suicidality
ياربي نفسي اموت,Suicidality
ياست الدنيا فعلن اريد الموت ,Suicidality
يالله ما ابغي اعيش هالايام,Suicidality
يالله قد ايش كارهه حياتي وفعلا ابي اموت شي مقفل بوجهي ,Suicidality
,
 الخاص  فين افضل دكتور او دكتوره تغذيه انا نحيفه مره و مو قادره اكل كثير للاسف,weight disorder
بموت مو قادره اكل ولا انام ,weight disorder
من بعد وجبه امس مو مشتهيه اكل شي,weight disorder
مالي نفس اكل,weight disorder
انا مالي نفس اكل شي للحين علي فطوري,weight disorder
اكون جيعانه مالي نفس اكل وما اقدر اكل اول اصحي,weight disorder
يب برضوا ياثر علي نفسيا ولما ياثر يصير مالي نفس اكل,weight disorder
مو قادره اكل حتى,weight disorder
انا نحفانه دي الفتره مالي نفس اكل,weight disorder
يارب تسوين فعاليه لانه وربي محتاجه اليوم التوتر منسده نفسي ما كلت كثير و مو قادره اكل,weight disorder
الصراحه مالي نفس اكل,weight disorder
مالي نفس اكل,weight disorder
احمدي ربك انا مو قادره اكل صرت جلد على عظم,weight disorder
مالي نفس اكل,weight disorder
مو قادر اكل شي انام ولا اشتغل مثل ناس ,weight disorder
ايوه عشان حتي اكل مالي نفس اكل بحاول انظم اكلي,weight disorder
مو قادره اكل احط شي بحلقي وبس استفرغ وانتي بكرامه,weight disorder
انا اول مره مو قادره اكل الله يعين,weight disorder
والله مالي نفس اكل هالفترهه,weight disorder
اليوم نفسي مسدوده الاكل اكلت حبه كروسان الصباح و قبل شوي اكلت خبز بلبنه اكلي اليوم,weight disorder
مدري مالي نفس اكل انت وش تغديت,weight disorder
مالي نفس اكل ابد,weight disorder
صدق انا اخذته احس مو مشتهيه اكل اشرب ابي مويه عطش عطش مو طبيعي وصداع,weight disorder
مالي نفس اكل,weight disorder
احس مو قادره اتنفس مو قادره اكل مو قادره اشرب الله ياخذهمم ماقد كرهت شي بحياتي كثرهم,weight disorder
اخر وجبه كليتها كانت الغدا وقتها مالي نفس اكل شي ماغير اشرب ماي,weight disorder
ارجف الجوع مالي نفس اكل وش,weight disorder
اكثر شيء ايجابي بذي الفتره ان نفسي مسدوده الاكل,weight disorder
اكره الفتره اللي اكون حتي الاكل مالي نفس اكل ,weight disorder
اكره شعور اني جوعانه بنفس الوقت مو قادره اكل بطني ماتقدر تتقبل اكل يصير نفسي ابكي علي الصحن,weight disorder
اكرهه شعور الغثيان مو قادره اكل شي,weight disorder
اكلت الظهر وللحين مو مشتهيه اكل ,weight disorder
اكلت شيء يوم افطر امس الصباح للحين جيعانه مالي نفس اكل وهذا شيء مطمءن لاني اصير عبث,weight disorder
اكلت يومين اتوقع مالي نفس اكل شي واهلي يقولون اكلتي بنسحب الجوال,weight disorder
اكلي عباره عيش ابيض حرفيا مو قادره اكل شي كلهم نفس الطعم ,weight disorder
الايام حرفيا مالي نفس اكل اي شي,weight disorder
التعب الي فيني مو قادره اكل اتحرك صاله السكن ,weight disorder
الفتره الاخيره صايره شهيتي للاكل منخفضه اكل الا وجبه وحده باليوم شعور مالي نفس اكل حتي جوعانه مدري وش السبب,weight disorder
انا طول اليوم مالي نفس اكل نفس اسوي شي الين قالت هالكلمتين,weight disorder
انا مو قادره اكل زين الاكتءاب وذي تقولي اقري قران كيييمك يشيخه اقريه انتي,weight disorder
بخصوص ان وزني صار 35 يعني اوكي ادري ان مالي نفس اكل سلامات,weight disorder
برضو جيعانه مووت مالي نفس اكل,weight disorder
بطني صاير يستعطب مره مو قادره اكل شي بسببه,weight disorder
بكمل يومين مو ماكله شي وفوق مو مشتهيه اكل جوعانه,weight disorder
بموت جوع مالي نفس اكل يلعن ام الحاله,weight disorder
بنات طبيعي مالي نفس اكل حتي بمويت واذا اكلت لقمه احس برجعها وانتوا بكرامه مدري شفيني,weight disorder
تعبانه وجوعانه مالي نفس اكل واحس النوم اهم,weight disorder
تقريبا جيعانه الفجر بنفس الوقت مالي نفس اكل شي,weight disorder
تكفون مره خايفه و متوتره و حايمه كبدي مو قادره اكل شي اشرب قهوه مو حاله ذيي,weight disorder
جايع مالي نفس اكل,weight disorder
جوعاااانه اشتهي اكل والحين باكل غصبب,weight disorder
جوعااانه مالي نفس اكل,weight disorder
جوعان احس مالي نفس اكل شي ,weight disorder
جوعان مرررره مالي نفس اكل شي وش الحل,weight disorder
جوعانه مالي نفس اكل خير,weight disorder
جوعانه مالي نفس اكل شي,weight disorder
جوعانه مررررا و ابي اكل الوقت,weight disorder
جوعانه مو مشتهيه اكل شي ,weight disorder
جوعانه وبنفس الوقت ابي اكل شي يقعد علي معدتي لاني بارجع انام شالحل,weight disorder
جوعانه ومنسده نفسي مالي نفس اكل شيء,weight disorder
جيعانه مالي نفس اكل مقدر لازم اكل عشان اعيش,weight disorder
حتي الاكل مالي نفس اكل ,weight disorder
حدي جوعانه مو مشتهيه اكل ,weight disorder
حزينه لاني ابي اكل مو قادره اكل نفس ,weight disorder
سبحان الله ايام اقدر اكل وايام مالي نفس اكل نهائيا واذا اكلت استفرغ علي طول,weight disorder
سويت فطور علشان اتنشط واحس بطاقه مالي نفس اكل,weight disorder
صايره اجوع مالي نفس اكل,weight disorder
صايره اشتهي اكل زي اول,weight disorder
صايره اكل وجبه وحده باليوم و غالبا وجبتي تكون ٧ المغرب و هاليومين صارت ١٠ بالليل و مو مهم متي اصحي اظل طول يومي مو مشتهيه اكل لين عشر بالليل,weight disorder
صحيت النوم جيعانه قلت لبابا ابا اكل جبلي اكل ودحين جالسه اطالع فيلو مو قادره اكل شي ,weight disorder
طبيعي اكون ميت جوع مو مشتهي اكل شيء,weight disorder
ع م اني جيعانه الا انو مالي نفس اكل,weight disorder
فترت انسداد الشهيه رجعتلي وبموه جوع مالي نفس اكل اي حاجه,weight disorder
فتره مالي نفس اكل وبطني يوجعني والحين باخذ اللقاح احسني خايفه,weight disorder
فطرت تغديت لاني جوعانه مالي نفس اكل,weight disorder
فقدان شهيه اسبوع ابي اكل شيء اشرب مويه وبالغصب اكل مدري ايش السبب,weight disorder
فيني جوع متوتره مو قادره اكل اي شي,weight disorder
قاعد اتحول لهيكل عظمي والمشكله مالي نفس اكل شي قاعد اعامل الاكل علي انه شي لازم اسويه بس,weight disorder
كنت جوعانه وطلبت فطور وتحسفت مالي نفس اكل شيء الحين,weight disorder
لازلت تعبانه وحتي مو قادره اكل كويس جالسه اغضب نفسي ,weight disorder
مالي نفس اكل اسوي شيء وابغي انام ومش عايزه اكلم احد ,weight disorder
مالي نفس اكل امس انسدت نفسي الضغط الي فوق راسي,weight disorder
مالي نفس اكل دهر,weight disorder
مالي نفس اكل شي بتغصب عشان مايجيني هبوط زي امس,weight disorder
مالي نفس اكل شي خلق اطلع مكان ماابغي ارجع البيت اف,weight disorder
مالي نفس اكل مدري ايش اسوي ,weight disorder
متيه الجوع مالي نفس اكل شي,weight disorder
مدري شلون اقنع امي ان مالي نفس اكل,weight disorder
مرا جيعانه مالي نفس اكل وفيا نوم مو مرتاحه النوم وبصرخ التشتتت,weight disorder
مرت ثلاث ايام وانا مو قادره اكل شي,weight disorder
مو طبيعي جالسه اتقيرف الاكل مو قادره اكل حاجه,weight disorder
مو طبيعي نفسي مسدوده الاكل واتغصب اكل اففف,weight disorder
مو عارفه الخوف او التوتر او ايش بالضبط امس مو قادره اكل شيء وفيني غثيان حتي المويه مو قادره اشربها,weight disorder
مو قادر اكل,weight disorder
مو قادره اكل,weight disorder
مو قادره اكل اي شيء تعبت,weight disorder
مو قادره اكل حاجه وبنفس الوقت بطني تعورني بسبب الجوع وحاسه بدوخه وارهاق,weight disorder
ميته جووع اشتهي اكل اقدر ,weight disorder
و للحين الاكل جدامي و مو قادره اكل ,weight disorder
و منسده شهيتي و مو قادره اكل شيء عشان اخذ الدواء صدق صدق افوه,weight disorder
وجهي صار مثل الليمون حزرت انطم و اتحمل مالي نفس اكل يع,weight disorder
وصاير اشتهي اكل يادوب وجبه وحده باليوم واتغصب الثانيه ومره مو كيوت,weight disorder
وع مو قادره اكل شي امس او قبله,weight disorder
ول انسدت نفسي مالي نفس اكل,weight disorder
ياشين مرحله جوعانه مالي نفس اكل,weight disorder
يالله مالي نفس اكل شيي وجيعانه ايف,weight disorder
يخوان صايره م اشتهي الاكل واتغصبه احد صارت وربي يمكن اسبوع مو قادره اكل اهخ,weight disorder
يساتر مسدوده نفسي مو قادره اكل ليه,weight disorder
يع وش الطفش حتي اكل مالي نفس اكل وخلصت مسلسلي الحلو وحزينة جدا,weight disorder
يوم كامل مو مشتهيه اكل شي ولما قررت اسوي اكل عشان ادوخ قطعت يدي ,weight disorder
يومين عايشه علي العصير والشبس حق الصباح مو مشتهيه اكل,weight disorder
يومين مالي نفس اكل وجالسه اكل عشان اتعب,weight disorder
يومين ونص مالي نفس اكل باقي نص واكمل الثلاث ايام ,weight disorder
 الخاص  فين افضل دكتور او دكتوره تغذيه انا نحيفه مره و مو قادره اكل كثير للاسف,weight disorder
بموت مو قادره اكل ولا انام ,weight disorder
من بعد وجبه امس مو مشتهيه اكل شي,weight disorder
مالي نفس اكل,weight disorder
انا مالي نفس اكل شي للحين علي فطوري,weight disorder
اكون جيعانه مالي نفس اكل وما اقدر اكل اول اصحي,weight disorder
يب برضوا ياثر علي نفسيا ولما ياثر يصير مالي نفس اكل,weight disorder
مو قادره اكل حتى,weight disorder
انا نحفانه دي الفتره مالي نفس اكل,weight disorder
يارب تسوين فعاليه لانه وربي محتاجه اليوم التوتر منسده نفسي ما كلت كثير و مو قادره اكل,weight disorder
الصراحه مالي نفس اكل,weight disorder
مالي نفس اكل,weight disorder
احمدي ربك انا مو قادره اكل صرت جلد على عظم,weight disorder
مالي نفس اكل,weight disorder
مو قادر اكل شي انام ولا اشتغل مثل ناس ,weight disorder
ايوه عشان حتي اكل مالي نفس اكل بحاول انظم اكلي,weight disorder
مو قادره اكل احط شي بحلقي وبس استفرغ وانتي بكرامه,weight disorder
انا اول مره مو قادره اكل الله يعين,weight disorder
والله مالي نفس اكل هالفترهه,weight disorder
اليوم نفسي مسدوده الاكل اكلت حبه كروسان الصباح و قبل شوي اكلت خبز بلبنه اكلي اليوم,weight disorder
مدري مالي نفس اكل انت وش تغديت,weight disorder
مالي نفس اكل ابد,weight disorder
صدق انا اخذته احس مو مشتهيه اكل اشرب ابي مويه عطش عطش مو طبيعي وصداع,weight disorder
مالي نفس اكل,weight disorder
احس مو قادره اتنفس مو قادره اكل مو قادره اشرب الله ياخذهمم ماقد كرهت شي بحياتي كثرهم,weight disorder
اخر وجبه كليتها كانت الغدا وقتها مالي نفس اكل شي ماغير اشرب ماي,weight disorder
ارجف الجوع مالي نفس اكل وش,weight disorder
اكثر شيء ايجابي بذي الفتره ان نفسي مسدوده الاكل,weight disorder
اكره الفتره اللي اكون حتي الاكل مالي نفس اكل ,weight disorder
اكره شعور اني جوعانه بنفس الوقت مو قادره اكل بطني ماتقدر تتقبل اكل يصير نفسي ابكي علي الصحن,weight disorder
اكرهه شعور الغثيان مو قادره اكل شي,weight disorder
اكلت الظهر وللحين مو مشتهيه اكل ,weight disorder
اكلت شيء يوم افطر امس الصباح للحين جيعانه مالي نفس اكل وهذا شيء مطمءن لاني اصير عبث,weight disorder
اكلت يومين اتوقع مالي نفس اكل شي واهلي يقولون اكلتي بنسحب الجوال,weight disorder
اكلي عباره عيش ابيض حرفيا مو قادره اكل شي كلهم نفس الطعم ,weight disorder
الايام حرفيا مالي نفس اكل اي شي,weight disorder
التعب الي فيني مو قادره اكل اتحرك صاله السكن ,weight disorder
الفتره الاخيره صايره شهيتي للاكل منخفضه اكل الا وجبه وحده باليوم شعور مالي نفس اكل حتي جوعانه مدري وش السبب,weight disorder
انا طول اليوم مالي نفس اكل نفس اسوي شي الين قالت هالكلمتين,weight disorder
انا مو قادره اكل زين الاكتءاب وذي تقولي اقري قران كيييمك يشيخه اقريه انتي,weight disorder
بخصوص ان وزني صار 35 يعني اوكي ادري ان مالي نفس اكل سلامات,weight disorder
برضو جيعانه مووت مالي نفس اكل,weight disorder
بطني صاير يستعطب مره مو قادره اكل شي بسببه,weight disorder
بكمل يومين مو ماكله شي وفوق مو مشتهيه اكل جوعانه,weight disorder
بموت جوع مالي نفس اكل يلعن ام الحاله,weight disorder
بنات طبيعي مالي نفس اكل حتي بمويت واذا اكلت لقمه احس برجعها وانتوا بكرامه مدري شفيني,weight disorder
تعبانه وجوعانه مالي نفس اكل واحس النوم اهم,weight disorder
تقريبا جيعانه الفجر بنفس الوقت مالي نفس اكل شي,weight disorder
تكفون مره خايفه و متوتره و حايمه كبدي مو قادره اكل شي اشرب قهوه مو حاله ذيي,weight disorder
جايع مالي نفس اكل,weight disorder
جوعاااانه اشتهي اكل والحين باكل غصبب,weight disorder
جوعااانه مالي نفس اكل,weight disorder
جوعان احس مالي نفس اكل شي ,weight disorder
جوعان مرررره مالي نفس اكل شي وش الحل,weight disorder
جوعانه مالي نفس اكل خير,weight disorder
جوعانه مالي نفس اكل شي,weight disorder
جوعانه مررررا و ابي اكل الوقت,weight disorder
جوعانه مو مشتهيه اكل شي ,weight disorder
جوعانه وبنفس الوقت ابي اكل شي يقعد علي معدتي لاني بارجع انام شالحل,weight disorder
جوعانه ومنسده نفسي مالي نفس اكل شيء,weight disorder
جيعانه مالي نفس اكل مقدر لازم اكل عشان اعيش,weight disorder
حتي الاكل مالي نفس اكل ,weight disorder
حدي جوعانه مو مشتهيه اكل ,weight disorder
حزينه لاني ابي اكل مو قادره اكل نفس ,weight disorder
سبحان الله ايام اقدر اكل وايام مالي نفس اكل نهائيا واذا اكلت استفرغ علي طول,weight disorder
سويت فطور علشان اتنشط واحس بطاقه مالي نفس اكل,weight disorder
صايره اجوع مالي نفس اكل,weight disorder
صايره اشتهي اكل زي اول,weight disorder
صايره اكل وجبه وحده باليوم و غالبا وجبتي تكون ٧ المغرب و هاليومين صارت ١٠ بالليل و مو مهم متي اصحي اظل طول يومي مو مشتهيه اكل لين عشر بالليل,weight disorder
صحيت النوم جيعانه قلت لبابا ابا اكل جبلي اكل ودحين جالسه اطالع فيلو مو قادره اكل شي ,weight disorder
طبيعي اكون ميت جوع مو مشتهي اكل شيء,weight disorder
ع م اني جيعانه الا انو مالي نفس اكل,weight disorder
فترت انسداد الشهيه رجعتلي وبموه جوع مالي نفس اكل اي حاجه,weight disorder
فتره مالي نفس اكل وبطني يوجعني والحين باخذ اللقاح احسني خايفه,weight disorder
فطرت تغديت لاني جوعانه مالي نفس اكل,weight disorder
فقدان شهيه اسبوع ابي اكل شيء اشرب مويه وبالغصب اكل مدري ايش السبب,weight disorder
فيني جوع متوتره مو قادره اكل اي شي,weight disorder
قاعد اتحول لهيكل عظمي والمشكله مالي نفس اكل شي قاعد اعامل الاكل علي انه شي لازم اسويه بس,weight disorder
كنت جوعانه وطلبت فطور وتحسفت مالي نفس اكل شيء الحين,weight disorder
لازلت تعبانه وحتي مو قادره اكل كويس جالسه اغضب نفسي ,weight disorder
مالي نفس اكل اسوي شيء وابغي انام ومش عايزه اكلم احد ,weight disorder
مالي نفس اكل امس انسدت نفسي الضغط الي فوق راسي,weight disorder
مالي نفس اكل دهر,weight disorder
مالي نفس اكل شي بتغصب عشان مايجيني هبوط زي امس,weight disorder
مالي نفس اكل شي خلق اطلع مكان ماابغي ارجع البيت اف,weight disorder
مالي نفس اكل مدري ايش اسوي ,weight disorder
متيه الجوع مالي نفس اكل شي,weight disorder
مدري شلون اقنع امي ان مالي نفس اكل,weight disorder
مرا جيعانه مالي نفس اكل وفيا نوم مو مرتاحه النوم وبصرخ التشتتت,weight disorder
مرت ثلاث ايام وانا مو قادره اكل شي,weight disorder
مو طبيعي جالسه اتقيرف الاكل مو قادره اكل حاجه,weight disorder
مو طبيعي نفسي مسدوده الاكل واتغصب اكل اففف,weight disorder
مو عارفه الخوف او التوتر او ايش بالضبط امس مو قادره اكل شيء وفيني غثيان حتي المويه مو قادره اشربها,weight disorder
مو قادر اكل,weight disorder
مو قادره اكل,weight disorder
مو قادره اكل اي شيء تعبت,weight disorder
مو قادره اكل حاجه وبنفس الوقت بطني تعورني بسبب الجوع وحاسه بدوخه وارهاق,weight disorder
ميته جووع اشتهي اكل اقدر ,weight disorder
و للحين الاكل جدامي و مو قادره اكل ,weight disorder
و منسده شهيتي و مو قادره اكل شيء عشان اخذ الدواء صدق صدق افوه,weight disorder
وجهي صار مثل الليمون حزرت انطم و اتحمل مالي نفس اكل يع,weight disorder
وصاير اشتهي اكل يادوب وجبه وحده باليوم واتغصب الثانيه ومره مو كيوت,weight disorder
وع مو قادره اكل شي امس او قبله,weight disorder
ول انسدت نفسي مالي نفس اكل,weight disorder
ياشين مرحله جوعانه مالي نفس اكل,weight disorder
يالله مالي نفس اكل شيي وجيعانه ايف,weight disorder
يخوان صايره م اشتهي الاكل واتغصبه احد صارت وربي يمكن اسبوع مو قادره اكل اهخ,weight disorder
يساتر مسدوده نفسي مو قادره اكل ليه,weight disorder
يع وش الطفش حتي اكل مالي نفس اكل وخلصت مسلسلي الحلو وحزينة جدا,weight disorder
يوم كامل مو مشتهيه اكل شي ولما قررت اسوي اكل عشان ادوخ قطعت يدي ,weight disorder
يومين عايشه علي العصير والشبس حق الصباح مو مشتهيه اكل,weight disorder
يومين مالي نفس اكل وجالسه اكل عشان اتعب,weight disorder
يومين ونص مالي نفس اكل باقي نص واكمل الثلاث ايام ,weight disorder